﻿<?xml version="1.0" encoding="utf-8" ?>
<c2eventsheet>
    <!--All the 'name' attributes are ignored by Construct 2 - they are there for readability only.-->
    <name>Event sheet 2</name>
    <events>
        <event-block sid="867822757462198">
            <conditions>
                <condition id="3" name="On touched object" sid="910569449564982" type="Touch">
                    <param id="0" name="Object">obj_menu_box</param>
                </condition>
            </conditions>
            <actions>
                <action id="9" name="Set scale" sid="660514972555743" type="obj_menu_box">
                    <param id="0" name="Scale">0.98</param>
                </action>
                <action id="-16" name="Wait" sid="930889459669247" type="System">
                    <param id="0" name="Seconds">0.1</param>
                </action>
                <action id="9" name="Set scale" sid="571879494647167" type="obj_menu_box">
                    <param id="0" name="Scale">1</param>
                </action>
            </actions>
        </event-block>
        <event-block sid="241203918135611">
            <conditions>
                <condition id="6" name="On object clicked" sid="177162004196652" type="Mouse">
                    <param id="0" name="Mouse button">0</param>
                    <param id="1" name="Click type">0</param>
                    <param id="2" name="Object clicked">obj_menu_box</param>
                </condition>
            </conditions>
            <actions>
                <action id="-2" name="Go to layout" sid="889115472753425" type="System">
                    <param id="0" name="Layout">Layout 1</param>
                </action>
            </actions>
        </event-block>
        <event-block sid="683267994096621">
            <conditions>
                <condition id="6" name="On object clicked" sid="804387970245855" type="Mouse">
                    <param id="0" name="Mouse button">0</param>
                    <param id="1" name="Click type">0</param>
                    <param id="2" name="Object clicked">obj_menu_box3</param>
                </condition>
            </conditions>
            <actions>
                <action id="-2" name="Go to layout" sid="654895532806636" type="System">
                    <param id="0" name="Layout">Layout 1</param>
                </action>
            </actions>
        </event-block>
        <event-block sid="882237055110617">
            <conditions>
                <condition id="6" name="On object clicked" sid="960489719346982" type="Mouse">
                    <param id="0" name="Mouse button">0</param>
                    <param id="1" name="Click type">0</param>
                    <param id="2" name="Object clicked">obj_menu_box2</param>
                </condition>
            </conditions>
            <actions>
                <action id="-2" name="Go to layout" sid="742183895550691" type="System">
                    <param id="0" name="Layout">manu</param>
                </action>
            </actions>
        </event-block>
        <event-block sid="378690702862464">
            <conditions>
                <condition id="6" name="On object clicked" sid="977888812866916" type="Mouse">
                    <param id="0" name="Mouse button">0</param>
                    <param id="1" name="Click type">0</param>
                    <param id="2" name="Object clicked">unnamedbox</param>
                </condition>
            </conditions>
            <actions>
                <action id="1" name="Close" sid="109974697991424" type="Browser" />
            </actions>
        </event-block>
        <event-block sid="399809074255442">
            <conditions>
                <condition id="6" name="On object clicked" sid="420350482900262" type="Mouse">
                    <param id="0" name="Mouse button">0</param>
                    <param id="1" name="Click type">0</param>
                    <param id="2" name="Object clicked">SpriteFont12</param>
                </condition>
            </conditions>
            <actions>
                <action id="-2" name="Go to layout" sid="114909232987925" type="System">
                    <param id="0" name="Layout">won</param>
                </action>
            </actions>
        </event-block>
    </events>
</c2eventsheet>
