﻿<?xml version="1.0" encoding="utf-8" ?>
<c2eventsheet>
    <!--All the 'name' attributes are ignored by Construct 2 - they are there for readability only.-->
    <name>Event sheet 1</name>
    <events>
        <variable constant="0" name="music" sid="275527179375468" static="0" type="text">on</variable>
        <variable constant="0" name="sound" sid="884407142450725" static="0" type="text">on</variable>
        <variable constant="0" name="Live" sid="899167070187346" static="0" type="number">6</variable>
        <variable constant="0" name="cons" sid="795732582237243" static="0" type="number">0</variable>
        <event-block sid="738070393707985">
            <conditions>
                <condition id="0" name="On key pressed" sid="910102624439507" type="Keyboard">
                    <param id="0" name="Key">37</param>
                </condition>
            </conditions>
            <actions>
                <action id="4" name="Set animation" sid="980663943833753" type="Sprite">
                    <param id="0" name="Animation">&quot;ซ้าย&quot;</param>
                    <param id="1" name="From">1</param>
                </action>
            </actions>
        </event-block>
        <event-block sid="499971270161281">
            <conditions>
                <condition id="0" name="On key pressed" sid="895052730778856" type="Keyboard">
                    <param id="0" name="Key">39</param>
                </condition>
            </conditions>
            <actions>
                <action id="4" name="Set animation" sid="201273397196664" type="Sprite">
                    <param id="0" name="Animation">&quot;ขวา&quot;</param>
                    <param id="1" name="From">1</param>
                </action>
            </actions>
        </event-block>
        <event-block sid="974784072204757">
            <conditions>
                <condition behavior="Platform" id="7" name="On stopped" sid="611243331494560" type="Sprite" />
            </conditions>
            <actions>
                <action id="4" name="Set animation" sid="731195917361052" type="Sprite">
                    <param id="0" name="Animation">&quot;stand&quot;</param>
                    <param id="1" name="From">1</param>
                </action>
            </actions>
        </event-block>
        <event-group description="" sid="145779346521028" title="ของ" />
        <event-block sid="333934116492263">
            <conditions>
                <condition id="-11" name="For Each" sid="205679171130485" type="System">
                    <param id="0" name="Object">obj_spike</param>
                </condition>
            </conditions>
            <actions>
                <action behavior="Sine" id="1" name="Set period" sid="824367731688594" type="obj_spike">
                    <param id="0" name="Period">random(0.1,0.6)</param>
                </action>
                <action behavior="Sine" id="2" name="Set magnitude" sid="823065130986745" type="obj_spike">
                    <param id="0" name="Magnitude">random(0.1,0.7)</param>
                </action>
            </actions>
        </event-block>
        <event-block sid="705600049163268">
            <conditions>
                <condition behavior="LineOfSight" id="1" name="Has LOS to position" sid="411779407697256" type="obj_spike">
                    <param id="0" name="X">Sprite.X</param>
                    <param id="1" name="Y">Sprite.Y</param>
                </condition>
                <condition id="-3" name="Is on-screen" sid="108497026400806" type="obj_spike" />
            </conditions>
            <actions>
                <action id="-16" name="Wait" sid="638845402093744" type="System">
                    <param id="0" name="Seconds">random(5,6)</param>
                </action>
                <action behavior="Bullet" id="5" name="Set enabled" sid="360601585224633" type="obj_spike">
                    <param id="0" name="State">1</param>
                </action>
            </actions>
        </event-block>
        <event-block sid="617515905201622">
            <conditions>
                <condition id="0" name="On collision with another object" sid="284001412185492" type="Sprite">
                    <param id="0" name="Object">obj_spike</param>
                </condition>
            </conditions>
            <actions>
                <action id="-11" name="Subtract from" sid="777474077980822" type="System">
                    <param id="0" name="Variable">Live</param>
                    <param id="1" name="Value">1</param>
                </action>
                <action behavior="Flash" id="0" name="Flash" sid="892401536860490" type="Sprite">
                    <param id="0" name="&apos;On&apos; time">0.1</param>
                    <param id="1" name="&apos;Off&apos; time">0.1</param>
                    <param id="2" name="Duration">1</param>
                </action>
            </actions>
            <sub-events>
                <event-block sid="992303285383981">
                    <conditions>
                        <condition id="-14" name="Compare variable" sid="559903663647812" type="System">
                            <param id="0" name="Variable">sound</param>
                            <param id="1" name="Comparison">0</param>
                            <param id="2" name="Value">&quot;on&quot;</param>
                        </condition>
                    </conditions>
                    <actions>
                        <action id="0" name="Play" sid="764282278334745" type="Audio">
                            <param id="0" name="Audio file">pain</param>
                            <param id="2" name="Loop">0</param>
                            <param id="3" name="Volume">0</param>
                            <param id="1" name="Tag (optional)">&quot;&quot;</param>
                        </action>
                    </actions>
                </event-block>
            </sub-events>
        </event-block>
        <event-block sid="263550874119709">
            <conditions>
                <condition id="0" name="On collision with another object" sid="452419234909318" type="Sprite">
                    <param id="0" name="Object">obj_arrow_floor</param>
                </condition>
            </conditions>
            <actions>
                <action behavior="Flash" id="0" name="Flash" sid="361200547857922" type="Sprite">
                    <param id="0" name="&apos;On&apos; time">0.1</param>
                    <param id="1" name="&apos;Off&apos; time">0.1</param>
                    <param id="2" name="Duration">1</param>
                </action>
                <action id="-11" name="Subtract from" sid="570720529947275" type="System">
                    <param id="0" name="Variable">Live</param>
                    <param id="1" name="Value">1</param>
                </action>
            </actions>
            <sub-events>
                <event-block sid="178897987832175">
                    <conditions>
                        <condition id="-14" name="Compare variable" sid="910945274962472" type="System">
                            <param id="0" name="Variable">sound</param>
                            <param id="1" name="Comparison">0</param>
                            <param id="2" name="Value">&quot;on&quot;</param>
                        </condition>
                    </conditions>
                    <actions>
                        <action id="0" name="Play" sid="286045695052364" type="Audio">
                            <param id="0" name="Audio file">pain</param>
                            <param id="2" name="Loop">0</param>
                            <param id="3" name="Volume">0</param>
                            <param id="1" name="Tag (optional)">&quot;&quot;</param>
                        </action>
                    </actions>
                </event-block>
            </sub-events>
        </event-block>
        <event-block sid="959238959177342">
            <conditions>
                <condition id="0" name="On collision with another object" sid="399433547476758" type="Sprite">
                    <param id="0" name="Object">obj_arrow_ceil</param>
                </condition>
            </conditions>
            <actions>
                <action behavior="Flash" id="0" name="Flash" sid="382273919537034" type="Sprite">
                    <param id="0" name="&apos;On&apos; time">0.1</param>
                    <param id="1" name="&apos;Off&apos; time">0.1</param>
                    <param id="2" name="Duration">1</param>
                </action>
                <action id="-11" name="Subtract from" sid="646043928936310" type="System">
                    <param id="0" name="Variable">Live</param>
                    <param id="1" name="Value">1</param>
                </action>
            </actions>
            <sub-events>
                <event-block sid="673732429896792">
                    <conditions>
                        <condition id="-14" name="Compare variable" sid="628445265103933" type="System">
                            <param id="0" name="Variable">sound</param>
                            <param id="1" name="Comparison">0</param>
                            <param id="2" name="Value">&quot;on&quot;</param>
                        </condition>
                    </conditions>
                    <actions>
                        <action id="0" name="Play" sid="644568391445112" type="Audio">
                            <param id="0" name="Audio file">pain</param>
                            <param id="2" name="Loop">0</param>
                            <param id="3" name="Volume">0</param>
                            <param id="1" name="Tag (optional)">&quot;&quot;</param>
                        </action>
                    </actions>
                </event-block>
            </sub-events>
        </event-block>
        <event-block sid="756251375817887">
            <conditions>
                <condition id="0" name="On collision with another object" sid="515184261258562" type="Sprite">
                    <param id="0" name="Object">obj_coin</param>
                </condition>
            </conditions>
            <actions>
                <action id="-9" name="Destroy" sid="113200627484732" type="obj_coin" />
                <action id="-10" name="Add to" sid="882382929602371" type="System">
                    <param id="0" name="Variable">cons</param>
                    <param id="1" name="Value">1</param>
                </action>
            </actions>
            <sub-events>
                <event-block sid="931721833688481">
                    <conditions>
                        <condition id="-14" name="Compare variable" sid="588453467864212" type="System">
                            <param id="0" name="Variable">sound</param>
                            <param id="1" name="Comparison">0</param>
                            <param id="2" name="Value">&quot;on&quot;</param>
                        </condition>
                    </conditions>
                    <actions>
                        <action id="0" name="Play" sid="186564621245387" type="Audio">
                            <param id="0" name="Audio file">collet-coin</param>
                            <param id="2" name="Loop">0</param>
                            <param id="3" name="Volume">0</param>
                            <param id="1" name="Tag (optional)">&quot;&quot;</param>
                        </action>
                    </actions>
                </event-block>
            </sub-events>
        </event-block>
        <event-block sid="823201409221945">
            <conditions>
                <condition id="-1" name="Every tick" sid="647977178606151" type="System" />
            </conditions>
            <actions>
                <action id="0" name="Set text" sid="467944478184800" type="SpriteFont">
                    <param id="0" name="Text">cons</param>
                </action>
            </actions>
        </event-block>
        <event-block sid="499224480757933">
            <conditions>
                <condition id="-1" name="Every tick" sid="581318574677039" type="System" />
            </conditions>
            <actions />
            <sub-events>
                <event-block sid="255779605726233">
                    <conditions>
                        <condition id="-7" name="Compare instance variable" sid="374381519079394" type="SpriteFont3">
                            <param id="0" name="Instance variable">type</param>
                            <param id="1" name="Comparison">0</param>
                            <param id="2" name="Value">&quot;live&quot;</param>
                        </condition>
                    </conditions>
                    <actions>
                        <action id="0" name="Set text" sid="667495831052765" type="SpriteFont3">
                            <param id="0" name="Text">Live</param>
                        </action>
                    </actions>
                </event-block>
            </sub-events>
        </event-block>
        <event-block sid="536864819545744">
            <conditions>
                <condition id="-14" name="Compare variable" sid="891800779711775" type="System">
                    <param id="0" name="Variable">Live</param>
                    <param id="1" name="Comparison">2</param>
                    <param id="2" name="Value">1</param>
                </condition>
            </conditions>
            <actions>
                <action id="33" name="Stop all" sid="709270608294721" type="Audio" />
                <action id="-21" name="Reset global variables" sid="911977641769683" type="System" />
                <action id="-2" name="Go to layout" sid="943096963514209" type="System">
                    <param id="0" name="Layout">death</param>
                </action>
                <action id="-16" name="Wait" sid="451661750501180" type="System">
                    <param id="0" name="Seconds">2</param>
                </action>
            </actions>
        </event-block>
        <event-block sid="872655440441920">
            <conditions>
                <condition id="-1" name="Every tick" sid="961403003642893" type="System" />
            </conditions>
            <actions />
        </event-block>
        <event-block sid="242994694789701">
            <conditions>
                <condition id="-3" name="Is on-screen" sid="732720866683058" type="dfdsff2" />
            </conditions>
            <actions />
            <sub-events>
                <event-block sid="388735132574007">
                    <conditions>
                        <condition id="-7" name="Compare instance variable" sid="684604088329475" type="dfdsff2">
                            <param id="0" name="Instance variable">move</param>
                            <param id="1" name="Comparison">0</param>
                            <param id="2" name="Value">&quot;R&quot;</param>
                        </condition>
                    </conditions>
                    <actions>
                        <action behavior="Platform" id="7" name="Simulate control" sid="642231593415866" type="dfdsff2">
                            <param id="0" name="Control">1</param>
                        </action>
                        <action id="4" name="Set animation" sid="485845786154576" type="dfdsff2">
                            <param id="0" name="Animation">&quot;w1&quot;</param>
                            <param id="1" name="From">1</param>
                        </action>
                    </actions>
                </event-block>
                <event-block sid="571197253048161">
                    <conditions>
                        <condition behavior="Platform" id="10" name="Is by wall" sid="623457708381202" type="dfdsff2">
                            <param id="0" name="Side">1</param>
                        </condition>
                    </conditions>
                    <actions>
                        <action id="-10" name="Set value" sid="742095031340861" type="dfdsff2">
                            <param id="0" name="Instance variable">move</param>
                            <param id="1" name="Value">&quot;L&quot;</param>
                        </action>
                        <action id="4" name="Set animation" sid="335093132736837" type="dfdsff2">
                            <param id="0" name="Animation">&quot;w1&quot;</param>
                            <param id="1" name="From">1</param>
                        </action>
                    </actions>
                </event-block>
            </sub-events>
        </event-block>
        <event-block sid="687399533343693">
            <conditions>
                <condition id="-7" name="Compare instance variable" sid="645654820312628" type="dfdsff2">
                    <param id="0" name="Instance variable">move</param>
                    <param id="1" name="Comparison">0</param>
                    <param id="2" name="Value">&quot;L&quot;</param>
                </condition>
            </conditions>
            <actions>
                <action behavior="Platform" id="7" name="Simulate control" sid="806105801078749" type="dfdsff2">
                    <param id="0" name="Control">0</param>
                </action>
                <action id="4" name="Set animation" sid="799240832778952" type="dfdsff2">
                    <param id="0" name="Animation">&quot;w2&quot;</param>
                    <param id="1" name="From">1</param>
                </action>
            </actions>
        </event-block>
        <event-block sid="649189947824199">
            <conditions>
                <condition behavior="Platform" id="10" name="Is by wall" sid="690809677148584" type="dfdsff2">
                    <param id="0" name="Side">0</param>
                </condition>
            </conditions>
            <actions>
                <action id="-10" name="Set value" sid="871638713268035" type="dfdsff2">
                    <param id="0" name="Instance variable">move</param>
                    <param id="1" name="Value">&quot;R&quot;</param>
                </action>
                <action id="4" name="Set animation" sid="109163171688397" type="dfdsff2">
                    <param id="0" name="Animation">&quot;w2&quot;</param>
                    <param id="1" name="From">1</param>
                </action>
            </actions>
        </event-block>
        <event-block sid="850173523020754">
            <conditions>
                <condition id="0" name="On collision with another object" sid="384798810374635" type="Sprite">
                    <param id="0" name="Object">dfdsff2</param>
                </condition>
                <condition behavior="Platform" id="4" inverted="1" name="Is falling" sid="817148909713714" type="Sprite" />
            </conditions>
            <actions>
                <action behavior="Flash" id="0" name="Flash" sid="317063032721994" type="Sprite">
                    <param id="0" name="&apos;On&apos; time">0.05</param>
                    <param id="1" name="&apos;Off&apos; time">0.05</param>
                    <param id="2" name="Duration">1</param>
                </action>
                <action id="-11" name="Subtract from" sid="385433360591123" type="System">
                    <param id="0" name="Variable">Live</param>
                    <param id="1" name="Value">1</param>
                </action>
            </actions>
            <sub-events>
                <event-block sid="424818258892174">
                    <conditions>
                        <condition id="-14" name="Compare variable" sid="383650076899812" type="System">
                            <param id="0" name="Variable">sound</param>
                            <param id="1" name="Comparison">0</param>
                            <param id="2" name="Value">&quot;on&quot;</param>
                        </condition>
                    </conditions>
                    <actions>
                        <action id="0" name="Play" sid="839904881025269" type="Audio">
                            <param id="0" name="Audio file">pain</param>
                            <param id="2" name="Loop">0</param>
                            <param id="3" name="Volume">0</param>
                            <param id="1" name="Tag (optional)">&quot;&quot;</param>
                        </action>
                    </actions>
                </event-block>
            </sub-events>
        </event-block>
        <event-block sid="872793683627476">
            <conditions>
                <condition id="0" name="On collision with another object" sid="370219969681673" type="Sprite">
                    <param id="0" name="Object">dfdsff2</param>
                </condition>
                <condition behavior="Platform" id="4" name="Is falling" sid="351201156628985" type="Sprite" />
                <condition id="2" inverted="1" name="Is playing" sid="318461710299645" type="dfdsff2">
                    <param id="0" name="Animation">&quot;dead&quot;</param>
                </condition>
            </conditions>
            <actions>
                <action id="4" name="Set animation" sid="715387061454640" type="dfdsff2">
                    <param id="0" name="Animation">&quot;dead&quot;</param>
                    <param id="1" name="From">1</param>
                </action>
                <action behavior="Platform" id="11" name="Set enabled" sid="344854923919267" type="dfdsff2">
                    <param id="0" name="State">0</param>
                </action>
                <action behavior="Platform" id="9" name="Set vector Y" sid="849042468039644" type="Sprite">
                    <param id="0" name="Vector Y">-400</param>
                </action>
                <action behavior="Fade" id="1" name="Start fade" sid="459182177182198" type="dfdsff2" />
                <action id="0" name="Spawn another object" sid="326226684816574" type="dfdsff2">
                    <param id="0" name="Object">obj_health_pickup</param>
                    <param id="1" name="Layer">&quot;พวกยูนิต&quot;</param>
                    <param id="2" name="Image point">0</param>
                </action>
                <action id="0" name="Play" sid="754223810027967" type="Audio">
                    <param id="0" name="Audio file">mon-dead</param>
                    <param id="2" name="Loop">0</param>
                    <param id="3" name="Volume">0</param>
                    <param id="1" name="Tag (optional)">&quot;&quot;</param>
                </action>
            </actions>
        </event-block>
        <event-block sid="925241326744572">
            <conditions>
                <condition id="0" name="On collision with another object" sid="848612788443631" type="Sprite">
                    <param id="0" name="Object">obj_health_pickup</param>
                </condition>
            </conditions>
            <actions>
                <action id="-9" name="Destroy" sid="823451647509478" type="obj_health_pickup" />
                <action id="-10" name="Add to" sid="130966696452381" type="System">
                    <param id="0" name="Variable">Live</param>
                    <param id="1" name="Value">1</param>
                </action>
            </actions>
            <sub-events>
                <event-block sid="809001355212491">
                    <conditions>
                        <condition id="-14" name="Compare variable" sid="443396094479352" type="System">
                            <param id="0" name="Variable">sound</param>
                            <param id="1" name="Comparison">0</param>
                            <param id="2" name="Value">&quot;on&quot;</param>
                        </condition>
                    </conditions>
                    <actions>
                        <action id="0" name="Play" sid="538182842941019" type="Audio">
                            <param id="0" name="Audio file">get-heal</param>
                            <param id="2" name="Loop">0</param>
                            <param id="3" name="Volume">0</param>
                            <param id="1" name="Tag (optional)">&quot;&quot;</param>
                        </action>
                    </actions>
                </event-block>
            </sub-events>
        </event-block>
        <event-block sid="472756660341137">
            <conditions>
                <condition id="0" name="On collision with another object" sid="428725385392516" type="Sprite">
                    <param id="0" name="Object">key_128x</param>
                </condition>
            </conditions>
            <actions>
                <action id="-9" name="Destroy" sid="416571388242824" type="key_128x" />
                <action id="-11" name="Add to" sid="869589576278599" type="Sprite">
                    <param id="0" name="Instance variable">key</param>
                    <param id="1" name="Value">1</param>
                </action>
                <action id="5" name="Set frame" sid="842276699085871" type="keyNotthn">
                    <param id="0" name="Frame number">Sprite.key</param>
                </action>
                <action id="0" name="Spawn another object" sid="217230450485314" type="key_128x">
                    <param id="0" name="Object">FindTheDoor</param>
                    <param id="1" name="Layer">0</param>
                    <param id="2" name="Image point">0</param>
                </action>
            </actions>
            <sub-events>
                <event-block sid="498895216429937">
                    <conditions>
                        <condition id="-14" name="Compare variable" sid="474193738486386" type="System">
                            <param id="0" name="Variable">sound</param>
                            <param id="1" name="Comparison">0</param>
                            <param id="2" name="Value">&quot;on&quot;</param>
                        </condition>
                    </conditions>
                    <actions>
                        <action id="0" name="Play" sid="770655278733133" type="Audio">
                            <param id="0" name="Audio file">get-key</param>
                            <param id="2" name="Loop">0</param>
                            <param id="3" name="Volume">0</param>
                            <param id="1" name="Tag (optional)">&quot;&quot;</param>
                        </action>
                    </actions>
                </event-block>
            </sub-events>
        </event-block>
        <event-block sid="573193142536800">
            <conditions>
                <condition id="0" name="On collision with another object" sid="123346987611610" type="Sprite">
                    <param id="0" name="Object">doorOpen</param>
                </condition>
                <condition id="3" name="Compare frame" sid="832735592838787" type="doorOpen">
                    <param id="0" name="Comparison">0</param>
                    <param id="1" name="Number">1</param>
                </condition>
            </conditions>
            <actions>
                <action id="-16" name="Wait" sid="111981009776171" type="System">
                    <param id="0" name="Seconds">2</param>
                </action>
                <action id="-4" name="Set layer visible" sid="796640243510883" type="System">
                    <param id="0" name="Layer">&quot;wonee&quot;</param>
                    <param id="1" name="Visibility">1</param>
                </action>
            </actions>
        </event-block>
        <event-block sid="144253774744603">
            <conditions>
                <condition id="-7" name="Compare instance variable" sid="129848320202285" type="Sprite">
                    <param id="0" name="Instance variable">key</param>
                    <param id="1" name="Comparison">0</param>
                    <param id="2" name="Value">1</param>
                </condition>
            </conditions>
            <actions />
            <sub-events>
                <event-block sid="738734419970058">
                    <conditions>
                        <condition id="-4" name="Trigger once while true" sid="897874921471488" type="System" />
                    </conditions>
                    <actions>
                        <action id="5" name="Set frame" sid="474851290397088" type="doorOpen">
                            <param id="0" name="Frame number">1</param>
                        </action>
                        <action id="5" name="Set frame" sid="473508932680149" type="doorOpen_top">
                            <param id="0" name="Frame number">1</param>
                        </action>
                    </actions>
                </event-block>
            </sub-events>
        </event-block>
        <event-block sid="854431913251519">
            <conditions>
                <condition id="0" name="On collision with another object" sid="273927725922912" type="Sprite">
                    <param id="0" name="Object">obj_boss_trigger</param>
                </condition>
            </conditions>
            <actions>
                <action id="-4" name="Set layer visible" sid="660531333451376" type="System">
                    <param id="0" name="Layer">&quot;Layer 2&quot;</param>
                    <param id="1" name="Visibility">1</param>
                </action>
                <action behavior="Solid" id="0" name="Set enabled" sid="118768154478919" type="obj_boss_door">
                    <param id="0" name="State">1</param>
                </action>
                <action id="-16" name="Wait" sid="307114853641463" type="System">
                    <param id="0" name="Seconds">0.5</param>
                </action>
                <action id="-15" name="Set visible" sid="992875722438286" type="obj_boss_door">
                    <param id="0" name="Visibility">1</param>
                </action>
                <action id="0" name="Spawn another object" sid="677450393991001" type="obj_boss_door">
                    <param id="0" name="Object">obj_boss_door</param>
                    <param id="1" name="Layer">&quot;พวกยูนิต&quot;</param>
                    <param id="2" name="Image point">0</param>
                </action>
                <action id="33" name="Stop all" sid="696543055835574" type="Audio" />
                <action id="0" name="Play" sid="317600300840978" type="Audio">
                    <param id="0" name="Audio file">8-Bit-RPG-Music-Boss-Battle-Original-Composition</param>
                    <param id="2" name="Loop">0</param>
                    <param id="3" name="Volume">0</param>
                    <param id="1" name="Tag (optional)">&quot;&quot;</param>
                </action>
                <action behavior="Fade" id="1" name="Start fade" sid="937189041647830" type="obj_boss_trigger" />
            </actions>
        </event-block>
        <event-block sid="634701121494623">
            <conditions>
                <condition id="-2" name="On start of layout" sid="508900350450353" type="System" />
            </conditions>
            <actions>
                <action id="-4" name="Set layer visible" sid="493786487469176" type="System">
                    <param id="0" name="Layer">&quot;Layer 2&quot;</param>
                    <param id="1" name="Visibility">0</param>
                </action>
                <action id="-4" name="Set layer visible" sid="350507555999760" type="System">
                    <param id="0" name="Layer">&quot;wonee&quot;</param>
                    <param id="1" name="Visibility">0</param>
                </action>
            </actions>
        </event-block>
        <event-block sid="885597636526822">
            <conditions>
                <condition id="-7" name="Compare instance variable" sid="633470127870599" type="dfdsff_boss">
                    <param id="0" name="Instance variable">move</param>
                    <param id="1" name="Comparison">0</param>
                    <param id="2" name="Value">&quot;R&quot;</param>
                </condition>
            </conditions>
            <actions>
                <action behavior="Platform" id="7" name="Simulate control" sid="301948367045307" type="dfdsff_boss">
                    <param id="0" name="Control">1</param>
                </action>
                <action id="4" name="Set animation" sid="656151309143566" type="dfdsff_boss">
                    <param id="0" name="Animation">&quot;w1&quot;</param>
                    <param id="1" name="From">1</param>
                </action>
            </actions>
        </event-block>
        <event-block sid="952309801917192">
            <conditions>
                <condition behavior="Platform" id="10" name="Is by wall" sid="899138435253798" type="dfdsff_boss">
                    <param id="0" name="Side">1</param>
                </condition>
            </conditions>
            <actions>
                <action id="-10" name="Set value" sid="696723587374723" type="dfdsff_boss">
                    <param id="0" name="Instance variable">move</param>
                    <param id="1" name="Value">&quot;L&quot;</param>
                </action>
                <action id="4" name="Set animation" sid="782588643627230" type="dfdsff_boss">
                    <param id="0" name="Animation">&quot;w1&quot;</param>
                    <param id="1" name="From">1</param>
                </action>
            </actions>
        </event-block>
        <event-block sid="221764700163791">
            <conditions>
                <condition id="-7" name="Compare instance variable" sid="173075842666262" type="dfdsff_boss">
                    <param id="0" name="Instance variable">move</param>
                    <param id="1" name="Comparison">0</param>
                    <param id="2" name="Value">&quot;L&quot;</param>
                </condition>
            </conditions>
            <actions>
                <action behavior="Platform" id="7" name="Simulate control" sid="366713104151721" type="dfdsff_boss">
                    <param id="0" name="Control">0</param>
                </action>
                <action id="4" name="Set animation" sid="419670548172364" type="dfdsff_boss">
                    <param id="0" name="Animation">&quot;w2&quot;</param>
                    <param id="1" name="From">1</param>
                </action>
            </actions>
        </event-block>
        <event-block sid="774862320253386">
            <conditions>
                <condition behavior="Platform" id="10" name="Is by wall" sid="831837846600185" type="dfdsff_boss">
                    <param id="0" name="Side">0</param>
                </condition>
            </conditions>
            <actions>
                <action id="-10" name="Set value" sid="503886536926392" type="dfdsff_boss">
                    <param id="0" name="Instance variable">move</param>
                    <param id="1" name="Value">&quot;R&quot;</param>
                </action>
                <action id="4" name="Set animation" sid="880454133129008" type="dfdsff_boss">
                    <param id="0" name="Animation">&quot;w2&quot;</param>
                    <param id="1" name="From">1</param>
                </action>
            </actions>
        </event-block>
        <event-block sid="931763089978067">
            <conditions>
                <condition id="-1" name="Every tick" sid="721961652143681" type="System" />
            </conditions>
            <actions>
                <action id="-10" name="Set value" sid="785907654155221" type="dfdsff_boss">
                    <param id="0" name="Instance variable">health</param>
                    <param id="1" name="Value">dfdsff_boss.health</param>
                </action>
                <action id="-5" name="Set width" sid="481831165863742" type="obj_boss_health">
                    <param id="0" name="Width">dfdsff_boss.health</param>
                </action>
            </actions>
        </event-block>
        <event-block sid="629345568596959">
            <conditions>
                <condition id="0" name="On collision with another object" sid="581983148258311" type="Sprite">
                    <param id="0" name="Object">dfdsff_boss</param>
                </condition>
                <condition behavior="Platform" id="4" name="Is falling" sid="272733378001875" type="Sprite" />
                <condition id="2" inverted="1" name="Is playing" sid="193022307558542" type="dfdsff_boss">
                    <param id="0" name="Animation">&quot;dead&quot;</param>
                </condition>
            </conditions>
            <actions>
                <action id="-10" name="Set value" sid="190607153850791" type="dfdsff_boss">
                    <param id="0" name="Instance variable">health</param>
                    <param id="1" name="Value">dfdsff_boss.health-80</param>
                </action>
                <action id="4" name="Set animation" sid="452535330484671" type="dfdsff_boss">
                    <param id="0" name="Animation">&quot;dead&quot;</param>
                    <param id="1" name="From">1</param>
                </action>
                <action behavior="Platform" id="9" name="Set vector Y" sid="372077812872470" type="Sprite">
                    <param id="0" name="Vector Y">-350</param>
                </action>
            </actions>
            <sub-events>
                <event-block sid="929338398338734">
                    <conditions>
                        <condition id="-14" name="Compare variable" sid="644882565364698" type="System">
                            <param id="0" name="Variable">sound</param>
                            <param id="1" name="Comparison">0</param>
                            <param id="2" name="Value">&quot;on&quot;</param>
                        </condition>
                    </conditions>
                    <actions>
                        <action id="0" name="Play" sid="801855536949296" type="Audio">
                            <param id="0" name="Audio file">pain</param>
                            <param id="2" name="Loop">0</param>
                            <param id="3" name="Volume">0</param>
                            <param id="1" name="Tag (optional)">&quot;&quot;</param>
                        </action>
                    </actions>
                </event-block>
            </sub-events>
        </event-block>
        <event-block sid="435030125890330">
            <conditions>
                <condition id="-7" name="Compare instance variable" sid="325114523563169" type="dfdsff_boss">
                    <param id="0" name="Instance variable">health</param>
                    <param id="1" name="Comparison">3</param>
                    <param id="2" name="Value">0</param>
                </condition>
                <condition id="2" inverted="1" name="Is playing" sid="877211706974452" type="dfdsff_boss">
                    <param id="0" name="Animation">&quot;dead&quot;</param>
                </condition>
            </conditions>
            <actions>
                <action id="-11" name="Add to" sid="351435659229814" type="dfdsff_boss">
                    <param id="0" name="Instance variable">health</param>
                    <param id="1" name="Value">0</param>
                </action>
                <action id="4" name="Set animation" sid="349057143276495" type="dfdsff_boss">
                    <param id="0" name="Animation">&quot;dead&quot;</param>
                    <param id="1" name="From">1</param>
                </action>
                <action behavior="Platform" id="11" name="Set enabled" sid="179646304287942" type="dfdsff_boss">
                    <param id="0" name="State">0</param>
                </action>
                <action id="-16" name="Wait" sid="374780107920840" type="System">
                    <param id="0" name="Seconds">1.0</param>
                </action>
                <action behavior="Fade" id="1" name="Start fade" sid="454282656753761" type="dfdsff_boss" />
                <action behavior="Fade" id="1" name="Start fade" sid="929414526375637" type="obj_boss_door" />
                <action id="0" name="Spawn another object" sid="639435671945577" type="dfdsff_boss">
                    <param id="0" name="Object">obj_explosion</param>
                    <param id="1" name="Layer">&quot;พวกยูนิต&quot;</param>
                    <param id="2" name="Image point">0</param>
                </action>
                <action behavior="Fade" id="1" name="Start fade" sid="386065079233399" type="obj_boss_casing" />
                <action behavior="Fade" id="1" name="Start fade" sid="825595199247719" type="mod_earrapebruhmoment_earrapebruhmoment2" />
                <action behavior="Fade" id="1" name="Start fade" sid="939728690510994" type="dfdsff2" />
                <action id="33" name="Stop all" sid="603773354304187" type="Audio" />
                <action id="0" name="Play" sid="236356677817286" type="Audio">
                    <param id="0" name="Audio file">ShellShock-Live-Victory-track-8-Bit</param>
                    <param id="2" name="Loop">0</param>
                    <param id="3" name="Volume">0</param>
                    <param id="1" name="Tag (optional)">&quot;&quot;</param>
                </action>
            </actions>
            <sub-events>
                <event-block sid="974869359405647">
                    <conditions>
                        <condition id="-14" name="Compare variable" sid="996272545150559" type="System">
                            <param id="0" name="Variable">sound</param>
                            <param id="1" name="Comparison">0</param>
                            <param id="2" name="Value">&quot;on&quot;</param>
                        </condition>
                    </conditions>
                    <actions>
                        <action id="0" name="Play" sid="655580693214883" type="Audio">
                            <param id="0" name="Audio file">dead</param>
                            <param id="2" name="Loop">0</param>
                            <param id="3" name="Volume">0</param>
                            <param id="1" name="Tag (optional)">&quot;&quot;</param>
                        </action>
                    </actions>
                </event-block>
            </sub-events>
        </event-block>
        <event-block sid="475689836408229">
            <conditions>
                <condition id="0" name="On collision with another object" sid="115702558268855" type="Sprite">
                    <param id="0" name="Object">dfdsff_boss</param>
                </condition>
                <condition behavior="Platform" id="4" inverted="1" name="Is falling" sid="743856689732850" type="Sprite" />
            </conditions>
            <actions>
                <action behavior="Flash" id="0" name="Flash" sid="954755298634453" type="Sprite">
                    <param id="0" name="&apos;On&apos; time">0.1</param>
                    <param id="1" name="&apos;Off&apos; time">0.1</param>
                    <param id="2" name="Duration">1.0</param>
                </action>
                <action id="-11" name="Subtract from" sid="362771205175618" type="System">
                    <param id="0" name="Variable">Live</param>
                    <param id="1" name="Value">2</param>
                </action>
            </actions>
        </event-block>
        <event-block sid="920205606457380">
            <conditions>
                <condition id="-2" name="On start of layout" sid="417236963289949" type="System" />
            </conditions>
            <actions>
                <action id="-4" name="Set layer visible" sid="112152647293934" type="System">
                    <param id="0" name="Layer">&quot;Layer 3&quot;</param>
                    <param id="1" name="Visibility">0</param>
                </action>
            </actions>
        </event-block>
        <event-block sid="792017502559285">
            <conditions>
                <condition id="0" name="On collision with another object" sid="481634588635674" type="Sprite">
                    <param id="0" name="Object">obj_explosion</param>
                </condition>
            </conditions>
            <actions>
                <action id="-4" name="Set layer visible" sid="497422880855639" type="System">
                    <param id="0" name="Layer">&quot;Layer 3&quot;</param>
                    <param id="1" name="Visibility">1</param>
                </action>
                <action id="-9" name="Destroy" sid="426602043714659" type="obj_explosion" />
            </actions>
        </event-block>
        <event-block sid="980954780474632">
            <conditions>
                <condition id="6" name="On object clicked" sid="177641432874732" type="Mouse">
                    <param id="0" name="Mouse button">0</param>
                    <param id="1" name="Click type">0</param>
                    <param id="2" name="Object clicked">nextttt</param>
                </condition>
            </conditions>
            <actions>
                <action id="-2" name="Go to layout" sid="580541171860679" type="System">
                    <param id="0" name="Layout">won</param>
                </action>
                <action id="5" name="Set frame" sid="519562892427065" type="nextttt">
                    <param id="0" name="Frame number">1</param>
                </action>
                <action id="0" name="Play" sid="300764666364207" type="Audio">
                    <param id="0" name="Audio file">click</param>
                    <param id="2" name="Loop">0</param>
                    <param id="3" name="Volume">0</param>
                    <param id="1" name="Tag (optional)">&quot;&quot;</param>
                </action>
            </actions>
        </event-block>
        <event-block sid="809096075543889">
            <conditions>
                <condition id="-2" name="On start of layout" sid="996392317227281" type="System" />
            </conditions>
            <actions>
                <action id="-4" name="Set layer visible" sid="733429047804292" type="System">
                    <param id="0" name="Layer">&quot;bug&quot;</param>
                    <param id="1" name="Visibility">0</param>
                </action>
            </actions>
        </event-block>
        <event-block sid="626707457867250">
            <conditions>
                <condition id="0" name="On collision with another object" sid="951550978442919" type="Sprite">
                    <param id="0" name="Object">mod_earrapebruhmoment_earrapebruhmoment2</param>
                </condition>
            </conditions>
            <actions>
                <action id="-4" name="Set layer visible" sid="957463051148163" type="System">
                    <param id="0" name="Layer">&quot;bug&quot;</param>
                    <param id="1" name="Visibility">1</param>
                </action>
                <action id="-9" name="Destroy" sid="622255194275228" type="mod_earrapebruhmoment_earrapebruhmoment2" />
            </actions>
        </event-block>
        <event-block sid="453160664678771">
            <conditions>
                <condition id="6" name="On object clicked" sid="931755621642851" type="Mouse">
                    <param id="0" name="Mouse button">0</param>
                    <param id="1" name="Click type">0</param>
                    <param id="2" name="Object clicked">bye</param>
                </condition>
            </conditions>
            <actions>
                <action id="5" name="Set frame" sid="877517083261691" type="bye">
                    <param id="0" name="Frame number">1</param>
                </action>
                <action id="-16" name="Wait" sid="675881831634780" type="System">
                    <param id="0" name="Seconds">0.6</param>
                </action>
                <action id="-2" name="Go to layout" sid="255773899909308" type="System">
                    <param id="0" name="Layout">manu</param>
                </action>
                <action id="0" name="Play" sid="466979827947425" type="Audio">
                    <param id="0" name="Audio file">click</param>
                    <param id="2" name="Loop">0</param>
                    <param id="3" name="Volume">0</param>
                    <param id="1" name="Tag (optional)">&quot;&quot;</param>
                </action>
            </actions>
        </event-block>
        <event-block sid="801713197022112">
            <conditions>
                <condition id="3" name="On touched object" sid="344217267982121" type="Touch">
                    <param id="0" name="Object">nextttt</param>
                </condition>
            </conditions>
            <actions>
                <action id="5" name="Set frame" sid="970104187699045" type="nextttt">
                    <param id="0" name="Frame number">1</param>
                </action>
            </actions>
        </event-block>
        <event-block sid="330979299682961">
            <conditions>
                <condition id="3" name="On touched object" sid="375767985244628" type="Touch">
                    <param id="0" name="Object">bye</param>
                </condition>
            </conditions>
            <actions>
                <action id="5" name="Set frame" sid="153589900536832" type="bye">
                    <param id="0" name="Frame number">1</param>
                </action>
            </actions>
        </event-block>
        <event-block sid="237024760406457">
            <conditions>
                <condition id="-3" name="On end of layout" sid="152627651037683" type="System" />
            </conditions>
            <actions>
                <action id="33" name="Stop all" sid="477229427027115" type="Audio" />
            </actions>
        </event-block>
        <event-block sid="587996552121919">
            <conditions>
                <condition id="-2" name="On start of layout" sid="593574503586561" type="System" />
            </conditions>
            <actions />
            <sub-events>
                <event-block sid="838249372365160">
                    <conditions>
                        <condition id="-14" name="Compare variable" sid="855397742812823" type="System">
                            <param id="0" name="Variable">sound</param>
                            <param id="1" name="Comparison">0</param>
                            <param id="2" name="Value">&quot;on&quot;</param>
                        </condition>
                    </conditions>
                    <actions>
                        <action id="0" name="Play" sid="345642055104306" type="Audio">
                            <param id="0" name="Audio file">Super-Mario-World-Game-Over-LoFi-Hip-Hop-Remix</param>
                            <param id="2" name="Loop">0</param>
                            <param id="3" name="Volume">-10</param>
                            <param id="1" name="Tag (optional)">&quot;&quot;</param>
                        </action>
                    </actions>
                </event-block>
            </sub-events>
        </event-block>
        <event-block sid="714073210281986">
            <conditions>
                <condition behavior="Platform" id="7" name="On stopped" sid="353648598184704" type="Sprite" />
            </conditions>
            <actions>
                <action id="4" name="Set animation" sid="610354251010633" type="Sprite">
                    <param id="0" name="Animation">&quot;stand&quot;</param>
                    <param id="1" name="From">1</param>
                </action>
            </actions>
        </event-block>
        <event-block sid="601222222595405">
            <conditions>
                <condition behavior="Platform" id="7" name="On stopped" sid="160901069140474" type="Sprite" />
            </conditions>
            <actions>
                <action id="4" name="Set animation" sid="619940180720793" type="Sprite">
                    <param id="0" name="Animation">&quot;stand&quot;</param>
                    <param id="1" name="From">1</param>
                </action>
            </actions>
        </event-block>
    </events>
</c2eventsheet>
