﻿<?xml version="1.0" encoding="utf-8" ?>
<c2eventsheet>
    <!--All the 'name' attributes are ignored by Construct 2 - they are there for readability only.-->
    <name>Event sheet 2</name>
    <events>
        <event-block sid="867822757462198">
            <conditions>
                <condition id="3" name="On touched object" sid="910569449564982" type="Touch">
                    <param id="0" name="Object">obj_menu_box</param>
                </condition>
            </conditions>
            <actions>
                <action id="-16" name="Wait" sid="930889459669247" type="System">
                    <param id="0" name="Seconds">0.05</param>
                </action>
                <action id="5" name="Set frame" sid="871672752933924" type="obj_menu_box">
                    <param id="0" name="Frame number">1</param>
                </action>
                <action id="6" name="Stop" sid="350597260441370" type="Audio">
                    <param id="0" name="Tag">&quot;&quot;</param>
                </action>
            </actions>
        </event-block>
        <event-block sid="204001292864258">
            <conditions>
                <condition id="3" name="On touched object" sid="900895737535116" type="Touch">
                    <param id="0" name="Object">obj_menu_box2</param>
                </condition>
            </conditions>
            <actions>
                <action id="-16" name="Wait" sid="564483447810788" type="System">
                    <param id="0" name="Seconds">0.05</param>
                </action>
                <action id="5" name="Set frame" sid="477519763052130" type="obj_menu_box2">
                    <param id="0" name="Frame number">1</param>
                </action>
                <action id="0" name="Play" sid="811700892478759" type="Audio">
                    <param id="0" name="Audio file">click</param>
                    <param id="2" name="Loop">0</param>
                    <param id="3" name="Volume">0</param>
                    <param id="1" name="Tag (optional)">&quot;&quot;</param>
                </action>
            </actions>
        </event-block>
        <event-block sid="216392149313148">
            <conditions>
                <condition id="3" name="On touched object" sid="229917456654627" type="Touch">
                    <param id="0" name="Object">obj_menu_box3</param>
                </condition>
            </conditions>
            <actions>
                <action id="-16" name="Wait" sid="999167915581448" type="System">
                    <param id="0" name="Seconds">0.05</param>
                </action>
                <action id="5" name="Set frame" sid="176677535329592" type="obj_menu_box3">
                    <param id="0" name="Frame number">1</param>
                </action>
                <action id="0" name="Play" sid="572581536258524" type="Audio">
                    <param id="0" name="Audio file">click</param>
                    <param id="2" name="Loop">0</param>
                    <param id="3" name="Volume">0</param>
                    <param id="1" name="Tag (optional)">&quot;&quot;</param>
                </action>
            </actions>
        </event-block>
        <event-block sid="241203918135611">
            <conditions>
                <condition id="6" name="On object clicked" sid="177162004196652" type="Mouse">
                    <param id="0" name="Mouse button">0</param>
                    <param id="1" name="Click type">0</param>
                    <param id="2" name="Object clicked">obj_menu_box</param>
                </condition>
            </conditions>
            <actions>
                <action id="-16" name="Wait" sid="414615362465213" type="System">
                    <param id="0" name="Seconds">0.09</param>
                </action>
                <action id="-2" name="Go to layout" sid="889115472753425" type="System">
                    <param id="0" name="Layout">Layout 3</param>
                </action>
                <action id="0" name="Play" sid="464701416051451" type="Audio">
                    <param id="0" name="Audio file">click</param>
                    <param id="2" name="Loop">0</param>
                    <param id="3" name="Volume">0</param>
                    <param id="1" name="Tag (optional)">&quot;&quot;</param>
                </action>
            </actions>
        </event-block>
        <event-block sid="683267994096621">
            <conditions>
                <condition id="6" name="On object clicked" sid="804387970245855" type="Mouse">
                    <param id="0" name="Mouse button">0</param>
                    <param id="1" name="Click type">0</param>
                    <param id="2" name="Object clicked">obj_menu_box3</param>
                </condition>
            </conditions>
            <actions>
                <action id="-16" name="Wait" sid="989188718451669" type="System">
                    <param id="0" name="Seconds">1.0</param>
                </action>
                <action id="-2" name="Go to layout" sid="654895532806636" type="System">
                    <param id="0" name="Layout">Layout 1</param>
                </action>
                <action id="0" name="Play" sid="145014855990611" type="Audio">
                    <param id="0" name="Audio file">click</param>
                    <param id="2" name="Loop">0</param>
                    <param id="3" name="Volume">0</param>
                    <param id="1" name="Tag (optional)">&quot;&quot;</param>
                </action>
            </actions>
        </event-block>
        <event-block sid="882237055110617">
            <conditions>
                <condition id="6" name="On object clicked" sid="960489719346982" type="Mouse">
                    <param id="0" name="Mouse button">0</param>
                    <param id="1" name="Click type">0</param>
                    <param id="2" name="Object clicked">obj_menu_box2</param>
                </condition>
            </conditions>
            <actions>
                <action id="-16" name="Wait" sid="825400385723376" type="System">
                    <param id="0" name="Seconds">1</param>
                </action>
                <action id="-2" name="Go to layout" sid="742183895550691" type="System">
                    <param id="0" name="Layout">manu</param>
                </action>
                <action id="0" name="Play" sid="757665576981252" type="Audio">
                    <param id="0" name="Audio file">click</param>
                    <param id="2" name="Loop">0</param>
                    <param id="3" name="Volume">0</param>
                    <param id="1" name="Tag (optional)">&quot;&quot;</param>
                </action>
            </actions>
        </event-block>
        <event-block sid="378690702862464">
            <conditions>
                <condition id="6" name="On object clicked" sid="977888812866916" type="Mouse">
                    <param id="0" name="Mouse button">0</param>
                    <param id="1" name="Click type">0</param>
                    <param id="2" name="Object clicked">unnamedbox</param>
                </condition>
            </conditions>
            <actions>
                <action id="-16" name="Wait" sid="366947613762225" type="System">
                    <param id="0" name="Seconds">1.0</param>
                </action>
                <action id="1" name="Close" sid="109974697991424" type="Browser" />
                <action id="0" name="Play" sid="521020034701462" type="Audio">
                    <param id="0" name="Audio file">click</param>
                    <param id="2" name="Loop">0</param>
                    <param id="3" name="Volume">0</param>
                    <param id="1" name="Tag (optional)">&quot;&quot;</param>
                </action>
            </actions>
        </event-block>
        <event-block sid="573812100295233">
            <conditions>
                <condition id="3" name="On touched object" sid="962388238088787" type="Touch">
                    <param id="0" name="Object">unnamedbox</param>
                </condition>
            </conditions>
            <actions>
                <action id="5" name="Set frame" sid="756213613022736" type="unnamedbox">
                    <param id="0" name="Frame number">1</param>
                </action>
                <action id="0" name="Play" sid="917010384865916" type="Audio">
                    <param id="0" name="Audio file">click</param>
                    <param id="2" name="Loop">0</param>
                    <param id="3" name="Volume">0</param>
                    <param id="1" name="Tag (optional)">&quot;&quot;</param>
                </action>
            </actions>
        </event-block>
        <event-block sid="421107016571900">
            <conditions>
                <condition id="-2" name="On start of layout" sid="895646997632567" type="System" />
            </conditions>
            <actions />
            <sub-events>
                <event-block sid="671393513973695">
                    <conditions>
                        <condition id="-14" name="Compare variable" sid="467981161840731" type="System">
                            <param id="0" name="Variable">music</param>
                            <param id="1" name="Comparison">0</param>
                            <param id="2" name="Value">&quot;on&quot;</param>
                        </condition>
                    </conditions>
                    <actions>
                        <action id="0" name="Play" sid="174190478684017" type="Audio">
                            <param id="0" name="Audio file">into</param>
                            <param id="2" name="Loop">0</param>
                            <param id="3" name="Volume">-10</param>
                            <param id="1" name="Tag (optional)">&quot;music&quot;</param>
                        </action>
                    </actions>
                </event-block>
            </sub-events>
        </event-block>
    </events>
</c2eventsheet>
