﻿<?xml version="1.0" encoding="utf-8" ?>
<c2eventsheet>
    <!--All the 'name' attributes are ignored by Construct 2 - they are there for readability only.-->
    <name>Event sheet 4</name>
    <events>
        <event-block sid="618118792116622">
            <conditions>
                <condition id="0" name="On key pressed" sid="901242543796233" type="Keyboard">
                    <param id="0" name="Key">37</param>
                </condition>
            </conditions>
            <actions>
                <action id="4" name="Set animation" sid="596688398614522" type="Sprite">
                    <param id="0" name="Animation">&quot;ซ้าย&quot;</param>
                    <param id="1" name="From">1</param>
                </action>
            </actions>
        </event-block>
        <event-block sid="543848751212500">
            <conditions>
                <condition id="0" name="On key pressed" sid="820300301039370" type="Keyboard">
                    <param id="0" name="Key">39</param>
                </condition>
            </conditions>
            <actions>
                <action id="4" name="Set animation" sid="651973648498674" type="Sprite">
                    <param id="0" name="Animation">&quot;ขวา&quot;</param>
                    <param id="1" name="From">1</param>
                </action>
            </actions>
        </event-block>
        <event-block sid="877494830412325">
            <conditions>
                <condition behavior="Platform" id="7" name="On stopped" sid="225859743061228" type="Sprite" />
            </conditions>
            <actions>
                <action id="4" name="Set animation" sid="336323578505534" type="Sprite">
                    <param id="0" name="Animation">&quot;stand&quot;</param>
                    <param id="1" name="From">1</param>
                </action>
            </actions>
        </event-block>
        <event-block sid="900916674144854">
            <conditions>
                <condition id="0" name="On collision with another object" sid="953911879048693" type="Sprite">
                    <param id="0" name="Object">kuuy</param>
                </condition>
            </conditions>
            <actions>
                <action id="-16" name="Wait" sid="253995912950592" type="System">
                    <param id="0" name="Seconds">2</param>
                </action>
                <action id="-2" name="Go to layout" sid="248634617202024" type="System">
                    <param id="0" name="Layout">Layout 2</param>
                </action>
            </actions>
        </event-block>
        <event-block sid="938455723603054">
            <conditions>
                <condition id="-2" name="On start of layout" sid="887858142038660" type="System" />
            </conditions>
            <actions />
            <sub-events>
                <event-block sid="203464847719367">
                    <conditions>
                        <condition id="-14" name="Compare variable" sid="517128830609057" type="System">
                            <param id="0" name="Variable">sound</param>
                            <param id="1" name="Comparison">0</param>
                            <param id="2" name="Value">&quot;on&quot;</param>
                        </condition>
                    </conditions>
                    <actions>
                        <action id="0" name="Play" sid="675680707866360" type="Audio">
                            <param id="0" name="Audio file">mesic</param>
                            <param id="2" name="Loop">0</param>
                            <param id="3" name="Volume">-10</param>
                            <param id="1" name="Tag (optional)">&quot;&quot;</param>
                        </action>
                    </actions>
                </event-block>
            </sub-events>
        </event-block>
    </events>
</c2eventsheet>
