﻿<?xml version="1.0" encoding="utf-8" ?>
<c2eventsheet>
    <!--All the 'name' attributes are ignored by Construct 2 - they are there for readability only.-->
    <name>Event sheet 5</name>
    <events>
        <variable constant="0" name="Live3" sid="170601557017558" static="0" type="number">6</variable>
        <variable constant="0" name="cons3" sid="121860561314111" static="0" type="number">0</variable>
        <event-block sid="282409069042403">
            <conditions>
                <condition id="0" name="On key pressed" sid="476974954929845" type="Keyboard">
                    <param id="0" name="Key">37</param>
                </condition>
            </conditions>
            <actions>
                <action id="4" name="Set animation" sid="474714386355229" type="Sprite">
                    <param id="0" name="Animation">&quot;ซ้าย&quot;</param>
                    <param id="1" name="From">1</param>
                </action>
            </actions>
        </event-block>
        <event-block sid="346554891582032">
            <conditions>
                <condition id="0" name="On key pressed" sid="279789680212968" type="Keyboard">
                    <param id="0" name="Key">39</param>
                </condition>
            </conditions>
            <actions>
                <action id="4" name="Set animation" sid="809214316576181" type="Sprite">
                    <param id="0" name="Animation">&quot;ขวา&quot;</param>
                    <param id="1" name="From">1</param>
                </action>
            </actions>
        </event-block>
        <event-block sid="757672343331316">
            <conditions>
                <condition behavior="Platform" id="7" name="On stopped" sid="887882140047460" type="Sprite" />
            </conditions>
            <actions>
                <action id="4" name="Set animation" sid="882267199095271" type="Sprite">
                    <param id="0" name="Animation">&quot;stand&quot;</param>
                    <param id="1" name="From">1</param>
                </action>
            </actions>
        </event-block>
        <event-group description="" sid="194455886092876" title="ของ2" />
        <event-block sid="821315046794924">
            <conditions>
                <condition id="-11" name="For Each" sid="585246234506919" type="System">
                    <param id="0" name="Object">obj_spike</param>
                </condition>
            </conditions>
            <actions>
                <action behavior="Sine" id="1" name="Set period" sid="801871383091197" type="obj_spike">
                    <param id="0" name="Period">random(0.1,0.6)</param>
                </action>
                <action behavior="Sine" id="2" name="Set magnitude" sid="354878151570522" type="obj_spike">
                    <param id="0" name="Magnitude">random(0.1,0.7)</param>
                </action>
            </actions>
        </event-block>
        <event-block sid="979546820613927">
            <conditions>
                <condition behavior="LineOfSight" id="1" name="Has LOS to position" sid="747710702073367" type="obj_spike">
                    <param id="0" name="X">Sprite.X</param>
                    <param id="1" name="Y">Sprite.Y</param>
                </condition>
                <condition id="-3" name="Is on-screen" sid="755727556579782" type="obj_spike" />
            </conditions>
            <actions>
                <action id="-16" name="Wait" sid="247682588252746" type="System">
                    <param id="0" name="Seconds">random(5,6)</param>
                </action>
                <action behavior="Bullet" id="5" name="Set enabled" sid="506142051719404" type="obj_spike">
                    <param id="0" name="State">1</param>
                </action>
            </actions>
        </event-block>
        <event-block sid="652878512676473">
            <conditions>
                <condition id="0" name="On collision with another object" sid="192821782799539" type="Sprite">
                    <param id="0" name="Object">obj_spike</param>
                </condition>
            </conditions>
            <actions>
                <action id="-11" name="Subtract from" sid="619750111722599" type="System">
                    <param id="0" name="Variable">Live</param>
                    <param id="1" name="Value">1</param>
                </action>
                <action behavior="Flash" id="0" name="Flash" sid="572959350510042" type="Sprite">
                    <param id="0" name="&apos;On&apos; time">0.1</param>
                    <param id="1" name="&apos;Off&apos; time">0.1</param>
                    <param id="2" name="Duration">1</param>
                </action>
            </actions>
        </event-block>
        <event-block sid="593040473708989">
            <conditions>
                <condition id="0" name="On collision with another object" sid="173416892723461" type="Sprite">
                    <param id="0" name="Object">obj_arrow_floor</param>
                </condition>
            </conditions>
            <actions>
                <action behavior="Flash" id="0" name="Flash" sid="803823391574050" type="Sprite">
                    <param id="0" name="&apos;On&apos; time">0.1</param>
                    <param id="1" name="&apos;Off&apos; time">0.1</param>
                    <param id="2" name="Duration">1</param>
                </action>
                <action id="-11" name="Subtract from" sid="901845005352106" type="System">
                    <param id="0" name="Variable">Live</param>
                    <param id="1" name="Value">1</param>
                </action>
            </actions>
            <sub-events>
                <event-block sid="282617560554487">
                    <conditions>
                        <condition id="-14" name="Compare variable" sid="564351260801013" type="System">
                            <param id="0" name="Variable">sound</param>
                            <param id="1" name="Comparison">0</param>
                            <param id="2" name="Value">&quot;on&quot;</param>
                        </condition>
                    </conditions>
                    <actions>
                        <action id="0" name="Play" sid="675496254771761" type="Audio">
                            <param id="0" name="Audio file">pain</param>
                            <param id="2" name="Loop">0</param>
                            <param id="3" name="Volume">0</param>
                            <param id="1" name="Tag (optional)">&quot;&quot;</param>
                        </action>
                    </actions>
                </event-block>
            </sub-events>
        </event-block>
        <event-block sid="455861448860869">
            <conditions>
                <condition id="0" name="On collision with another object" sid="858102519926076" type="Sprite">
                    <param id="0" name="Object">obj_arrow_ceil</param>
                </condition>
            </conditions>
            <actions>
                <action behavior="Flash" id="0" name="Flash" sid="377357806384095" type="Sprite">
                    <param id="0" name="&apos;On&apos; time">0.1</param>
                    <param id="1" name="&apos;Off&apos; time">0.1</param>
                    <param id="2" name="Duration">1</param>
                </action>
                <action id="-11" name="Subtract from" sid="159529933113313" type="System">
                    <param id="0" name="Variable">Live</param>
                    <param id="1" name="Value">1</param>
                </action>
            </actions>
            <sub-events>
                <event-block sid="597062908935455">
                    <conditions>
                        <condition id="-14" name="Compare variable" sid="645891616766717" type="System">
                            <param id="0" name="Variable">sound</param>
                            <param id="1" name="Comparison">0</param>
                            <param id="2" name="Value">&quot;on&quot;</param>
                        </condition>
                    </conditions>
                    <actions>
                        <action id="0" name="Play" sid="117955641364663" type="Audio">
                            <param id="0" name="Audio file">pain</param>
                            <param id="2" name="Loop">0</param>
                            <param id="3" name="Volume">0</param>
                            <param id="1" name="Tag (optional)">&quot;&quot;</param>
                        </action>
                    </actions>
                </event-block>
            </sub-events>
        </event-block>
        <event-block sid="595406612975898">
            <conditions>
                <condition id="0" name="On collision with another object" sid="267645321037033" type="Sprite">
                    <param id="0" name="Object">obj_coin</param>
                </condition>
                <condition id="-14" name="Compare variable" sid="578094009094568" type="System">
                    <param id="0" name="Variable">sound</param>
                    <param id="1" name="Comparison">0</param>
                    <param id="2" name="Value">&quot;on&quot;</param>
                </condition>
            </conditions>
            <actions>
                <action id="-9" name="Destroy" sid="951598923956836" type="obj_coin" />
                <action id="-10" name="Add to" sid="372641328696526" type="System">
                    <param id="0" name="Variable">cons</param>
                    <param id="1" name="Value">1</param>
                </action>
                <action id="0" name="Play" sid="139108922954054" type="Audio">
                    <param id="0" name="Audio file">collet-coin</param>
                    <param id="2" name="Loop">0</param>
                    <param id="3" name="Volume">0</param>
                    <param id="1" name="Tag (optional)">&quot;&quot;</param>
                </action>
            </actions>
        </event-block>
        <event-block sid="475323160707187">
            <conditions>
                <condition id="-1" name="Every tick" sid="358855286393703" type="System" />
            </conditions>
            <actions>
                <action id="0" name="Set text" sid="848396602055683" type="SpriteFont">
                    <param id="0" name="Text">cons</param>
                </action>
            </actions>
        </event-block>
        <event-block sid="620292014555715">
            <conditions>
                <condition id="-1" name="Every tick" sid="192047069527881" type="System" />
            </conditions>
            <actions />
            <sub-events>
                <event-block sid="726695885352667">
                    <conditions>
                        <condition id="-7" name="Compare instance variable" sid="877425190519871" type="SpriteFont3">
                            <param id="0" name="Instance variable">type</param>
                            <param id="1" name="Comparison">0</param>
                            <param id="2" name="Value">&quot;live&quot;</param>
                        </condition>
                    </conditions>
                    <actions>
                        <action id="0" name="Set text" sid="797418924576417" type="SpriteFont3">
                            <param id="0" name="Text">Live</param>
                        </action>
                    </actions>
                </event-block>
            </sub-events>
        </event-block>
        <event-block sid="837592041593089">
            <conditions>
                <condition id="-14" name="Compare variable" sid="787978326054983" type="System">
                    <param id="0" name="Variable">Live</param>
                    <param id="1" name="Comparison">2</param>
                    <param id="2" name="Value">1</param>
                </condition>
            </conditions>
            <actions>
                <action id="33" name="Stop all" sid="176263924313843" type="Audio" />
                <action id="-21" name="Reset global variables" sid="877418982181547" type="System" />
                <action id="-16" name="Wait" sid="148215058813233" type="System">
                    <param id="0" name="Seconds">0.5</param>
                </action>
                <action id="-2" name="Go to layout" sid="737420950221653" type="System">
                    <param id="0" name="Layout">death2</param>
                </action>
            </actions>
        </event-block>
        <event-block sid="440486037463551">
            <conditions>
                <condition id="-1" name="Every tick" sid="324444793327438" type="System" />
            </conditions>
            <actions />
        </event-block>
        <event-block sid="925600120031822">
            <conditions>
                <condition id="-3" name="Is on-screen" sid="198255545771009" type="dfdsff2" />
            </conditions>
            <actions />
            <sub-events>
                <event-block sid="124680448819288">
                    <conditions>
                        <condition id="-7" name="Compare instance variable" sid="237168654715268" type="dfdsff2">
                            <param id="0" name="Instance variable">move</param>
                            <param id="1" name="Comparison">0</param>
                            <param id="2" name="Value">&quot;R&quot;</param>
                        </condition>
                    </conditions>
                    <actions>
                        <action behavior="Platform" id="7" name="Simulate control" sid="102865699753997" type="dfdsff2">
                            <param id="0" name="Control">1</param>
                        </action>
                        <action id="4" name="Set animation" sid="324175978472586" type="dfdsff2">
                            <param id="0" name="Animation">&quot;w1&quot;</param>
                            <param id="1" name="From">1</param>
                        </action>
                    </actions>
                </event-block>
                <event-block sid="657213589223661">
                    <conditions>
                        <condition behavior="Platform" id="10" name="Is by wall" sid="996903765356890" type="dfdsff2">
                            <param id="0" name="Side">1</param>
                        </condition>
                    </conditions>
                    <actions>
                        <action id="-10" name="Set value" sid="754088845527225" type="dfdsff2">
                            <param id="0" name="Instance variable">move</param>
                            <param id="1" name="Value">&quot;L&quot;</param>
                        </action>
                        <action id="4" name="Set animation" sid="178250351017974" type="dfdsff2">
                            <param id="0" name="Animation">&quot;w1&quot;</param>
                            <param id="1" name="From">1</param>
                        </action>
                    </actions>
                </event-block>
            </sub-events>
        </event-block>
        <event-block sid="399511954083776">
            <conditions>
                <condition id="-7" name="Compare instance variable" sid="117199855988394" type="dfdsff2">
                    <param id="0" name="Instance variable">move</param>
                    <param id="1" name="Comparison">0</param>
                    <param id="2" name="Value">&quot;L&quot;</param>
                </condition>
            </conditions>
            <actions>
                <action behavior="Platform" id="7" name="Simulate control" sid="789977771789011" type="dfdsff2">
                    <param id="0" name="Control">0</param>
                </action>
                <action id="4" name="Set animation" sid="374670770729927" type="dfdsff2">
                    <param id="0" name="Animation">&quot;w2&quot;</param>
                    <param id="1" name="From">1</param>
                </action>
            </actions>
        </event-block>
        <event-block sid="712975223621645">
            <conditions>
                <condition behavior="Platform" id="10" name="Is by wall" sid="433810607851787" type="dfdsff2">
                    <param id="0" name="Side">0</param>
                </condition>
            </conditions>
            <actions>
                <action id="-10" name="Set value" sid="294457660870014" type="dfdsff2">
                    <param id="0" name="Instance variable">move</param>
                    <param id="1" name="Value">&quot;R&quot;</param>
                </action>
                <action id="4" name="Set animation" sid="165305007942803" type="dfdsff2">
                    <param id="0" name="Animation">&quot;w2&quot;</param>
                    <param id="1" name="From">1</param>
                </action>
            </actions>
        </event-block>
        <event-block sid="138078523295439">
            <conditions>
                <condition id="0" name="On collision with another object" sid="417909090999122" type="Sprite">
                    <param id="0" name="Object">dfdsff2</param>
                </condition>
                <condition behavior="Platform" id="4" inverted="1" name="Is falling" sid="720633460091129" type="Sprite" />
            </conditions>
            <actions>
                <action behavior="Flash" id="0" name="Flash" sid="844057483148549" type="Sprite">
                    <param id="0" name="&apos;On&apos; time">0.05</param>
                    <param id="1" name="&apos;Off&apos; time">0.05</param>
                    <param id="2" name="Duration">1</param>
                </action>
                <action id="-11" name="Subtract from" sid="699661956067234" type="System">
                    <param id="0" name="Variable">Live</param>
                    <param id="1" name="Value">1</param>
                </action>
            </actions>
            <sub-events>
                <event-block sid="296317230164765">
                    <conditions>
                        <condition id="-14" name="Compare variable" sid="273927081934968" type="System">
                            <param id="0" name="Variable">sound</param>
                            <param id="1" name="Comparison">0</param>
                            <param id="2" name="Value">&quot;on&quot;</param>
                        </condition>
                    </conditions>
                    <actions>
                        <action id="0" name="Play" sid="610161093253835" type="Audio">
                            <param id="0" name="Audio file">pain</param>
                            <param id="2" name="Loop">0</param>
                            <param id="3" name="Volume">0</param>
                            <param id="1" name="Tag (optional)">&quot;&quot;</param>
                        </action>
                    </actions>
                </event-block>
            </sub-events>
        </event-block>
        <event-block sid="685108306268431">
            <conditions>
                <condition id="0" name="On collision with another object" sid="115523455188321" type="Sprite">
                    <param id="0" name="Object">dfdsff2</param>
                </condition>
                <condition behavior="Platform" id="4" name="Is falling" sid="450950085860763" type="Sprite" />
                <condition id="2" inverted="1" name="Is playing" sid="962115576059927" type="dfdsff2">
                    <param id="0" name="Animation">&quot;dead&quot;</param>
                </condition>
            </conditions>
            <actions>
                <action id="4" name="Set animation" sid="880454542426144" type="dfdsff2">
                    <param id="0" name="Animation">&quot;dead&quot;</param>
                    <param id="1" name="From">1</param>
                </action>
                <action behavior="Platform" id="11" name="Set enabled" sid="542635083961080" type="dfdsff2">
                    <param id="0" name="State">0</param>
                </action>
                <action behavior="Platform" id="9" name="Set vector Y" sid="658182582380417" type="Sprite">
                    <param id="0" name="Vector Y">-400</param>
                </action>
                <action behavior="Fade" id="1" name="Start fade" sid="150967547626576" type="dfdsff2" />
                <action id="0" name="Spawn another object" sid="917639682815502" type="dfdsff2">
                    <param id="0" name="Object">obj_health_pickup</param>
                    <param id="1" name="Layer">&quot;บักเลือด&quot;</param>
                    <param id="2" name="Image point">0</param>
                </action>
                <action id="0" name="Play" sid="801332577317581" type="Audio">
                    <param id="0" name="Audio file">mon-dead</param>
                    <param id="2" name="Loop">0</param>
                    <param id="3" name="Volume">0</param>
                    <param id="1" name="Tag (optional)">&quot;&quot;</param>
                </action>
            </actions>
        </event-block>
        <event-block sid="298604910436501">
            <conditions>
                <condition id="0" name="On collision with another object" sid="931118127943327" type="Sprite">
                    <param id="0" name="Object">obj_health_pickup</param>
                </condition>
            </conditions>
            <actions>
                <action id="-9" name="Destroy" sid="168736413151778" type="obj_health_pickup" />
                <action id="-10" name="Add to" sid="540049185011944" type="System">
                    <param id="0" name="Variable">Live</param>
                    <param id="1" name="Value">1</param>
                </action>
            </actions>
            <sub-events>
                <event-block sid="199800248149766">
                    <conditions>
                        <condition id="-14" name="Compare variable" sid="215580418683741" type="System">
                            <param id="0" name="Variable">sound</param>
                            <param id="1" name="Comparison">0</param>
                            <param id="2" name="Value">&quot;on&quot;</param>
                        </condition>
                    </conditions>
                    <actions>
                        <action id="0" name="Play" sid="794306718282922" type="Audio">
                            <param id="0" name="Audio file">get-heal</param>
                            <param id="2" name="Loop">0</param>
                            <param id="3" name="Volume">0</param>
                            <param id="1" name="Tag (optional)">&quot;&quot;</param>
                        </action>
                    </actions>
                </event-block>
            </sub-events>
        </event-block>
        <event-block sid="399222252851666">
            <conditions>
                <condition id="0" name="On collision with another object" sid="237652043315648" type="Sprite">
                    <param id="0" name="Object">key_128x</param>
                </condition>
            </conditions>
            <actions>
                <action id="-9" name="Destroy" sid="274706248657550" type="key_128x" />
                <action id="-11" name="Add to" sid="576295206325244" type="Sprite">
                    <param id="0" name="Instance variable">key</param>
                    <param id="1" name="Value">1</param>
                </action>
                <action id="5" name="Set frame" sid="420992420554331" type="keyNotthn">
                    <param id="0" name="Frame number">Sprite.key</param>
                </action>
                <action id="0" name="Spawn another object" sid="337170257482448" type="key_128x">
                    <param id="0" name="Object">FindTheDoor</param>
                    <param id="1" name="Layer">0</param>
                    <param id="2" name="Image point">0</param>
                </action>
            </actions>
        </event-block>
        <event-block sid="382606786813540">
            <conditions>
                <condition id="0" name="On collision with another object" sid="531702133446939" type="Sprite">
                    <param id="0" name="Object">doorOpen</param>
                </condition>
                <condition id="3" name="Compare frame" sid="312769274326291" type="doorOpen">
                    <param id="0" name="Comparison">0</param>
                    <param id="1" name="Number">1</param>
                </condition>
            </conditions>
            <actions>
                <action id="-16" name="Wait" sid="589021868541022" type="System">
                    <param id="0" name="Seconds">2</param>
                </action>
                <action id="-4" name="Set layer visible" sid="819726051497726" type="System">
                    <param id="0" name="Layer">&quot;wonee&quot;</param>
                    <param id="1" name="Visibility">1</param>
                </action>
            </actions>
        </event-block>
        <event-block sid="200116195189442">
            <conditions>
                <condition id="-7" name="Compare instance variable" sid="763797774183594" type="Sprite">
                    <param id="0" name="Instance variable">key</param>
                    <param id="1" name="Comparison">0</param>
                    <param id="2" name="Value">1</param>
                </condition>
            </conditions>
            <actions />
            <sub-events>
                <event-block sid="116522846824737">
                    <conditions>
                        <condition id="-4" name="Trigger once while true" sid="779096203716674" type="System" />
                    </conditions>
                    <actions>
                        <action id="5" name="Set frame" sid="211193427579526" type="doorOpen">
                            <param id="0" name="Frame number">1</param>
                        </action>
                        <action id="5" name="Set frame" sid="506633418473352" type="doorOpen_top">
                            <param id="0" name="Frame number">1</param>
                        </action>
                    </actions>
                </event-block>
            </sub-events>
        </event-block>
        <event-block sid="616493820337629">
            <conditions>
                <condition id="0" name="On collision with another object" sid="979748480263515" type="Sprite">
                    <param id="0" name="Object">obj_boss_trigger</param>
                </condition>
            </conditions>
            <actions>
                <action id="-4" name="Set layer visible" sid="858766342145236" type="System">
                    <param id="0" name="Layer">&quot;Layer 2&quot;</param>
                    <param id="1" name="Visibility">1</param>
                </action>
                <action behavior="Solid" id="0" name="Set enabled" sid="240376435820374" type="obj_boss_door">
                    <param id="0" name="State">1</param>
                </action>
                <action id="-16" name="Wait" sid="243442149823135" type="System">
                    <param id="0" name="Seconds">0.5</param>
                </action>
                <action id="-15" name="Set visible" sid="732206082951745" type="obj_boss_door">
                    <param id="0" name="Visibility">1</param>
                </action>
                <action id="0" name="Spawn another object" sid="886254575231428" type="obj_boss_door">
                    <param id="0" name="Object">obj_boss_door</param>
                    <param id="1" name="Layer">&quot;พวกยูนิต&quot;</param>
                    <param id="2" name="Image point">0</param>
                </action>
            </actions>
        </event-block>
        <event-block sid="553944731494701">
            <conditions>
                <condition id="-2" name="On start of layout" sid="925229397869158" type="System" />
            </conditions>
            <actions>
                <action id="-4" name="Set layer visible" sid="606554419686980" type="System">
                    <param id="0" name="Layer">&quot;Layer 2&quot;</param>
                    <param id="1" name="Visibility">0</param>
                </action>
                <action id="-4" name="Set layer visible" sid="225801223695371" type="System">
                    <param id="0" name="Layer">&quot;wonee&quot;</param>
                    <param id="1" name="Visibility">0</param>
                </action>
            </actions>
        </event-block>
        <event-block sid="333208432672237">
            <conditions>
                <condition id="-7" name="Compare instance variable" sid="725636868243267" type="dfdsff_boss">
                    <param id="0" name="Instance variable">move</param>
                    <param id="1" name="Comparison">0</param>
                    <param id="2" name="Value">&quot;R&quot;</param>
                </condition>
            </conditions>
            <actions>
                <action behavior="Platform" id="7" name="Simulate control" sid="790185846249966" type="dfdsff_boss">
                    <param id="0" name="Control">1</param>
                </action>
                <action id="4" name="Set animation" sid="929993722523976" type="dfdsff_boss">
                    <param id="0" name="Animation">&quot;w1&quot;</param>
                    <param id="1" name="From">1</param>
                </action>
            </actions>
        </event-block>
        <event-block sid="877424382519140">
            <conditions>
                <condition behavior="Platform" id="10" name="Is by wall" sid="404243850610641" type="dfdsff_boss">
                    <param id="0" name="Side">1</param>
                </condition>
            </conditions>
            <actions>
                <action id="-10" name="Set value" sid="458564233625434" type="dfdsff_boss">
                    <param id="0" name="Instance variable">move</param>
                    <param id="1" name="Value">&quot;L&quot;</param>
                </action>
                <action id="4" name="Set animation" sid="240226537726457" type="dfdsff_boss">
                    <param id="0" name="Animation">&quot;w1&quot;</param>
                    <param id="1" name="From">1</param>
                </action>
            </actions>
        </event-block>
        <event-block sid="679029542137531">
            <conditions>
                <condition id="-7" name="Compare instance variable" sid="841623656938320" type="dfdsff_boss">
                    <param id="0" name="Instance variable">move</param>
                    <param id="1" name="Comparison">0</param>
                    <param id="2" name="Value">&quot;L&quot;</param>
                </condition>
            </conditions>
            <actions>
                <action behavior="Platform" id="7" name="Simulate control" sid="728277362537270" type="dfdsff_boss">
                    <param id="0" name="Control">0</param>
                </action>
                <action id="4" name="Set animation" sid="152367585673931" type="dfdsff_boss">
                    <param id="0" name="Animation">&quot;w2&quot;</param>
                    <param id="1" name="From">1</param>
                </action>
            </actions>
        </event-block>
        <event-block sid="157113960830650">
            <conditions>
                <condition behavior="Platform" id="10" name="Is by wall" sid="820581759296493" type="dfdsff_boss">
                    <param id="0" name="Side">0</param>
                </condition>
            </conditions>
            <actions>
                <action id="-10" name="Set value" sid="219128024314552" type="dfdsff_boss">
                    <param id="0" name="Instance variable">move</param>
                    <param id="1" name="Value">&quot;R&quot;</param>
                </action>
                <action id="4" name="Set animation" sid="920422225202602" type="dfdsff_boss">
                    <param id="0" name="Animation">&quot;w2&quot;</param>
                    <param id="1" name="From">1</param>
                </action>
            </actions>
        </event-block>
        <event-block sid="987792339535349">
            <conditions>
                <condition id="-1" name="Every tick" sid="607855778246707" type="System" />
            </conditions>
            <actions>
                <action id="-10" name="Set value" sid="811699856942493" type="dfdsff_boss">
                    <param id="0" name="Instance variable">health</param>
                    <param id="1" name="Value">dfdsff_boss.health</param>
                </action>
                <action id="-5" name="Set width" sid="930952026024528" type="obj_boss_health">
                    <param id="0" name="Width">dfdsff_boss.health</param>
                </action>
            </actions>
        </event-block>
        <event-block sid="153589875083706">
            <conditions>
                <condition id="0" name="On collision with another object" sid="594690685778257" type="Sprite">
                    <param id="0" name="Object">dfdsff_boss</param>
                </condition>
                <condition behavior="Platform" id="4" name="Is falling" sid="118053609377493" type="Sprite" />
            </conditions>
            <actions>
                <action id="-10" name="Set value" sid="216894034767952" type="dfdsff_boss">
                    <param id="0" name="Instance variable">health</param>
                    <param id="1" name="Value">dfdsff_boss.health-20</param>
                </action>
                <action id="4" name="Set animation" sid="784682123353541" type="dfdsff_boss">
                    <param id="0" name="Animation">&quot;dead&quot;</param>
                    <param id="1" name="From">1</param>
                </action>
                <action behavior="Platform" id="9" name="Set vector Y" sid="343251045410646" type="Sprite">
                    <param id="0" name="Vector Y">-350</param>
                </action>
                <action behavior="Fade" id="1" name="Start fade" sid="141788229434230" type="dfdsff2" />
            </actions>
        </event-block>
        <event-block sid="615633658339174">
            <conditions>
                <condition id="-7" name="Compare instance variable" sid="885798918178136" type="dfdsff_boss">
                    <param id="0" name="Instance variable">health</param>
                    <param id="1" name="Comparison">3</param>
                    <param id="2" name="Value">0</param>
                </condition>
                <condition id="2" inverted="1" name="Is playing" sid="246440293566566" type="dfdsff_boss">
                    <param id="0" name="Animation">&quot;dead&quot;</param>
                </condition>
            </conditions>
            <actions>
                <action id="-11" name="Add to" sid="366959098164848" type="dfdsff_boss">
                    <param id="0" name="Instance variable">health</param>
                    <param id="1" name="Value">0</param>
                </action>
                <action id="4" name="Set animation" sid="629733273450575" type="dfdsff_boss">
                    <param id="0" name="Animation">&quot;dead&quot;</param>
                    <param id="1" name="From">1</param>
                </action>
                <action behavior="Platform" id="11" name="Set enabled" sid="230020598778329" type="dfdsff_boss">
                    <param id="0" name="State">0</param>
                </action>
                <action id="-16" name="Wait" sid="665961023590562" type="System">
                    <param id="0" name="Seconds">1.0</param>
                </action>
                <action behavior="Fade" id="1" name="Start fade" sid="704608820553003" type="dfdsff_boss" />
                <action behavior="Fade" id="1" name="Start fade" sid="335293083664116" type="obj_boss_door" />
                <action id="0" name="Spawn another object" sid="544633760114598" type="dfdsff_boss">
                    <param id="0" name="Object">obj_explosion</param>
                    <param id="1" name="Layer">&quot;พวกยูนิต&quot;</param>
                    <param id="2" name="Image point">0</param>
                </action>
                <action behavior="Fade" id="1" name="Start fade" sid="386415172636573" type="obj_boss_casing" />
                <action behavior="Fade" id="1" name="Start fade" sid="169681882344254" type="mod_earrapebruhmoment_earrapebruhmoment2" />
            </actions>
        </event-block>
        <event-block sid="102499139349701">
            <conditions>
                <condition id="-2" name="On start of layout" sid="821083906448357" type="System" />
            </conditions>
            <actions>
                <action id="-4" name="Set layer visible" sid="901539485787243" type="System">
                    <param id="0" name="Layer">&quot;Layer 3&quot;</param>
                    <param id="1" name="Visibility">0</param>
                </action>
            </actions>
        </event-block>
        <event-block sid="817974251699263">
            <conditions>
                <condition id="0" name="On collision with another object" sid="248574570824032" type="Sprite">
                    <param id="0" name="Object">obj_explosion</param>
                </condition>
            </conditions>
            <actions>
                <action id="-4" name="Set layer visible" sid="474712010495263" type="System">
                    <param id="0" name="Layer">&quot;Layer 3&quot;</param>
                    <param id="1" name="Visibility">1</param>
                </action>
                <action id="-9" name="Destroy" sid="380318866705898" type="obj_explosion" />
            </actions>
        </event-block>
        <event-block sid="300034522382205">
            <conditions>
                <condition id="6" name="On object clicked" sid="260491651301502" type="Mouse">
                    <param id="0" name="Mouse button">0</param>
                    <param id="1" name="Click type">0</param>
                    <param id="2" name="Object clicked">nextttt</param>
                </condition>
            </conditions>
            <actions>
                <action id="-2" name="Go to layout" sid="974528610207496" type="System">
                    <param id="0" name="Layout">won</param>
                </action>
            </actions>
        </event-block>
        <event-block sid="858258824314269">
            <conditions>
                <condition id="-2" name="On start of layout" sid="245480010105031" type="System" />
            </conditions>
            <actions>
                <action id="-4" name="Set layer visible" sid="333268313374621" type="System">
                    <param id="0" name="Layer">&quot;bug&quot;</param>
                    <param id="1" name="Visibility">0</param>
                </action>
            </actions>
        </event-block>
        <event-block sid="215281202928035">
            <conditions>
                <condition id="0" name="On collision with another object" sid="183994224928853" type="Sprite">
                    <param id="0" name="Object">mod_earrapebruhmoment_earrapebruhmoment2</param>
                </condition>
            </conditions>
            <actions>
                <action id="-4" name="Set layer visible" sid="148908005796217" type="System">
                    <param id="0" name="Layer">&quot;bug&quot;</param>
                    <param id="1" name="Visibility">1</param>
                </action>
                <action id="-9" name="Destroy" sid="138804944575818" type="mod_earrapebruhmoment_earrapebruhmoment2" />
            </actions>
        </event-block>
        <event-block sid="452042942742195">
            <conditions>
                <condition id="6" name="On object clicked" sid="564466028216558" type="Mouse">
                    <param id="0" name="Mouse button">0</param>
                    <param id="1" name="Click type">0</param>
                    <param id="2" name="Object clicked">bye</param>
                </condition>
            </conditions>
            <actions>
                <action id="-16" name="Wait" sid="904050884906381" type="System">
                    <param id="0" name="Seconds">0.6</param>
                </action>
                <action id="-2" name="Go to layout" sid="268663856522593" type="System">
                    <param id="0" name="Layout">manu</param>
                </action>
            </actions>
        </event-block>
        <event-block sid="729851087898078">
            <conditions>
                <condition id="0" name="On collision with another object" sid="399299062308019" type="Sprite">
                    <param id="0" name="Object">patuuu</param>
                </condition>
            </conditions>
            <actions>
                <action id="-16" name="Wait" sid="343782560564742" type="System">
                    <param id="0" name="Seconds">1</param>
                </action>
                <action id="-2" name="Go to layout" sid="980980288234614" type="System">
                    <param id="0" name="Layout">Layout 1</param>
                </action>
                <action id="33" name="Stop all" sid="143281042192906" type="Audio" />
            </actions>
        </event-block>
    </events>
</c2eventsheet>
