﻿<?xml version="1.0" encoding="utf-8" ?>
<c2eventsheet>
    <!--All the 'name' attributes are ignored by Construct 2 - they are there for readability only.-->
    <name>Event sheet 7</name>
    <events>
        <event-block sid="483319662332988">
            <conditions>
                <condition id="3" name="On touched object" sid="611009917382195" type="Touch">
                    <param id="0" name="Object">obj_menu_box2</param>
                </condition>
            </conditions>
            <actions>
                <action id="-16" name="Wait" sid="494640587658304" type="System">
                    <param id="0" name="Seconds">0.05</param>
                </action>
                <action id="5" name="Set frame" sid="997704032408520" type="obj_menu_box2">
                    <param id="0" name="Frame number">1</param>
                </action>
            </actions>
        </event-block>
        <event-block sid="800924506682037">
            <conditions>
                <condition id="3" name="On touched object" sid="575849690695607" type="Touch">
                    <param id="0" name="Object">obj_menu_box3</param>
                </condition>
            </conditions>
            <actions>
                <action id="-16" name="Wait" sid="833021617774973" type="System">
                    <param id="0" name="Seconds">0.05</param>
                </action>
                <action id="5" name="Set frame" sid="921613911847792" type="obj_menu_box3">
                    <param id="0" name="Frame number">1</param>
                </action>
            </actions>
        </event-block>
        <event-block sid="826097962319380">
            <conditions>
                <condition id="6" name="On object clicked" sid="197157801379122" type="Mouse">
                    <param id="0" name="Mouse button">0</param>
                    <param id="1" name="Click type">0</param>
                    <param id="2" name="Object clicked">obj_menu_box</param>
                </condition>
            </conditions>
            <actions>
                <action id="-16" name="Wait" sid="632907053681235" type="System">
                    <param id="0" name="Seconds">0.09</param>
                </action>
                <action id="-2" name="Go to layout" sid="683643041103615" type="System">
                    <param id="0" name="Layout">Layout 3</param>
                </action>
            </actions>
        </event-block>
        <event-block sid="590941054815304">
            <conditions>
                <condition id="6" name="On object clicked" sid="153321861585242" type="Mouse">
                    <param id="0" name="Mouse button">0</param>
                    <param id="1" name="Click type">0</param>
                    <param id="2" name="Object clicked">obj_menu_box3</param>
                </condition>
            </conditions>
            <actions>
                <action id="-16" name="Wait" sid="872938534080133" type="System">
                    <param id="0" name="Seconds">1.0</param>
                </action>
                <action id="-2" name="Go to layout" sid="228086830035228" type="System">
                    <param id="0" name="Layout">Layout 1</param>
                </action>
            </actions>
        </event-block>
        <event-block sid="567144794482010">
            <conditions>
                <condition id="6" name="On object clicked" sid="724147978026275" type="Mouse">
                    <param id="0" name="Mouse button">0</param>
                    <param id="1" name="Click type">0</param>
                    <param id="2" name="Object clicked">obj_menu_box2</param>
                </condition>
            </conditions>
            <actions>
                <action id="-16" name="Wait" sid="899979682635195" type="System">
                    <param id="0" name="Seconds">1</param>
                </action>
                <action id="-2" name="Go to layout" sid="431288821477144" type="System">
                    <param id="0" name="Layout">manu</param>
                </action>
            </actions>
        </event-block>
        <event-block sid="657395002304144">
            <conditions>
                <condition id="6" name="On object clicked" sid="232422821621287" type="Mouse">
                    <param id="0" name="Mouse button">0</param>
                    <param id="1" name="Click type">0</param>
                    <param id="2" name="Object clicked">unnamedbox</param>
                </condition>
            </conditions>
            <actions>
                <action id="-16" name="Wait" sid="469369018354164" type="System">
                    <param id="0" name="Seconds">1.0</param>
                </action>
                <action id="1" name="Close" sid="733473846059796" type="Browser" />
            </actions>
        </event-block>
        <event-block sid="562232777554038">
            <conditions>
                <condition id="3" name="On touched object" sid="665203929521357" type="Touch">
                    <param id="0" name="Object">unnamedbox</param>
                </condition>
            </conditions>
            <actions>
                <action id="5" name="Set frame" sid="247005503883448" type="unnamedbox">
                    <param id="0" name="Frame number">1</param>
                </action>
            </actions>
        </event-block>
        <event-block sid="754347730978235">
            <conditions>
                <condition id="-2" name="On start of layout" sid="827529279510640" type="System" />
            </conditions>
            <actions />
            <sub-events>
                <event-block sid="396057272344505">
                    <conditions>
                        <condition id="-14" name="Compare variable" sid="547937999782392" type="System">
                            <param id="0" name="Variable">sound</param>
                            <param id="1" name="Comparison">0</param>
                            <param id="2" name="Value">&quot;on&quot;</param>
                        </condition>
                    </conditions>
                    <actions>
                        <action id="0" name="Play" sid="202470045861999" type="Audio">
                            <param id="0" name="Audio file">cartoon_success_fanfair</param>
                            <param id="2" name="Loop">0</param>
                            <param id="3" name="Volume">0</param>
                            <param id="1" name="Tag (optional)">&quot;&quot;</param>
                        </action>
                    </actions>
                </event-block>
            </sub-events>
        </event-block>
    </events>
</c2eventsheet>
