﻿<?xml version="1.0" encoding="utf-8" ?>
<c2eventsheet>
    <!--All the 'name' attributes are ignored by Construct 2 - they are there for readability only.-->
    <name>Event sheet 6</name>
    <events>
        <event-block sid="386998584640597">
            <conditions>
                <condition id="6" name="On object clicked" sid="619789271359685" type="Mouse">
                    <param id="0" name="Mouse button">0</param>
                    <param id="1" name="Click type">0</param>
                    <param id="2" name="Object clicked">obj_boxdie2</param>
                </condition>
            </conditions>
            <actions>
                <action id="-16" name="Wait" sid="296488862021478" type="System">
                    <param id="0" name="Seconds">1.0</param>
                </action>
                <action id="-2" name="Go to layout" sid="431722005187067" type="System">
                    <param id="0" name="Layout">Layout 4</param>
                </action>
                <action id="0" name="Play" sid="549708077715158" type="Audio">
                    <param id="0" name="Audio file">click</param>
                    <param id="2" name="Loop">0</param>
                    <param id="3" name="Volume">0</param>
                    <param id="1" name="Tag (optional)">&quot;&quot;</param>
                </action>
            </actions>
        </event-block>
        <event-block sid="492514347460177">
            <conditions>
                <condition id="6" name="On object clicked" sid="238114964495191" type="Mouse">
                    <param id="0" name="Mouse button">0</param>
                    <param id="1" name="Click type">0</param>
                    <param id="2" name="Object clicked">obj_menu_box3</param>
                </condition>
            </conditions>
            <actions>
                <action id="-16" name="Wait" sid="626622482285173" type="System">
                    <param id="0" name="Seconds">1.0</param>
                </action>
                <action id="-2" name="Go to layout" sid="122291186335734" type="System">
                    <param id="0" name="Layout">Layout 1</param>
                </action>
                <action id="0" name="Play" sid="761119416244550" type="Audio">
                    <param id="0" name="Audio file">click</param>
                    <param id="2" name="Loop">0</param>
                    <param id="3" name="Volume">0</param>
                    <param id="1" name="Tag (optional)">&quot;&quot;</param>
                </action>
            </actions>
        </event-block>
        <event-block sid="986964044458505">
            <conditions>
                <condition id="6" name="On object clicked" sid="961103685387472" type="Mouse">
                    <param id="0" name="Mouse button">0</param>
                    <param id="1" name="Click type">0</param>
                    <param id="2" name="Object clicked">obj_menu_box2</param>
                </condition>
            </conditions>
            <actions>
                <action id="-16" name="Wait" sid="569984605447242" type="System">
                    <param id="0" name="Seconds">1</param>
                </action>
                <action id="-2" name="Go to layout" sid="110250818063650" type="System">
                    <param id="0" name="Layout">manu</param>
                </action>
                <action id="0" name="Play" sid="919046847723579" type="Audio">
                    <param id="0" name="Audio file">click</param>
                    <param id="2" name="Loop">0</param>
                    <param id="3" name="Volume">0</param>
                    <param id="1" name="Tag (optional)">&quot;&quot;</param>
                </action>
            </actions>
        </event-block>
        <event-block sid="931525988453930">
            <conditions>
                <condition id="-2" name="On start of layout" sid="779706059200494" type="System" />
            </conditions>
            <actions />
            <sub-events>
                <event-block sid="594791012012108">
                    <conditions>
                        <condition id="-14" name="Compare variable" sid="815771240875575" type="System">
                            <param id="0" name="Variable">music</param>
                            <param id="1" name="Comparison">0</param>
                            <param id="2" name="Value">&quot;on&quot;</param>
                        </condition>
                    </conditions>
                    <actions>
                        <action id="0" name="Play" sid="295706977980146" type="Audio">
                            <param id="0" name="Audio file">deadsreen</param>
                            <param id="2" name="Loop">0</param>
                            <param id="3" name="Volume">0</param>
                            <param id="1" name="Tag (optional)">&quot;&quot;</param>
                        </action>
                    </actions>
                </event-block>
            </sub-events>
        </event-block>
        <event-block sid="704734489303209">
            <conditions>
                <condition id="3" name="On touched object" sid="319210977141303" type="Touch">
                    <param id="0" name="Object">obj_menu_box2</param>
                </condition>
            </conditions>
            <actions>
                <action id="-16" name="Wait" sid="525512973238540" type="System">
                    <param id="0" name="Seconds">0.05</param>
                </action>
                <action id="5" name="Set frame" sid="107558137055021" type="obj_menu_box2">
                    <param id="0" name="Frame number">1</param>
                </action>
            </actions>
        </event-block>
        <event-block sid="660661744722958">
            <conditions>
                <condition id="3" name="On touched object" sid="926704643755026" type="Touch">
                    <param id="0" name="Object">obj_menu_box3</param>
                </condition>
            </conditions>
            <actions>
                <action id="-16" name="Wait" sid="534887740288394" type="System">
                    <param id="0" name="Seconds">0.05</param>
                </action>
                <action id="5" name="Set frame" sid="854174315593386" type="obj_menu_box3">
                    <param id="0" name="Frame number">1</param>
                </action>
            </actions>
        </event-block>
        <event-block sid="950458394563543">
            <conditions>
                <condition id="3" name="On touched object" sid="597754131700985" type="Touch">
                    <param id="0" name="Object">obj_boxdie2</param>
                </condition>
            </conditions>
            <actions>
                <action id="-16" name="Wait" sid="772661089145781" type="System">
                    <param id="0" name="Seconds">0.05</param>
                </action>
                <action id="5" name="Set frame" sid="164688689231875" type="obj_boxdie2">
                    <param id="0" name="Frame number">1</param>
                </action>
            </actions>
        </event-block>
    </events>
</c2eventsheet>
