﻿<?xml version="1.0" encoding="utf-8" ?>
<c2eventsheet>
    <!--All the 'name' attributes are ignored by Construct 2 - they are there for readability only.-->
    <name>Event sheet 3</name>
    <events>
        <event-block sid="413096883942587">
            <conditions>
                <condition id="0" name="On key pressed" sid="705393980667492" type="Keyboard">
                    <param id="0" name="Key">37</param>
                </condition>
            </conditions>
            <actions>
                <action id="4" name="Set animation" sid="127845476631918" type="Sprite">
                    <param id="0" name="Animation">&quot;ซ้าย&quot;</param>
                    <param id="1" name="From">1</param>
                </action>
            </actions>
        </event-block>
        <event-block sid="804850196266698">
            <conditions>
                <condition id="0" name="On key pressed" sid="847278228776126" type="Keyboard">
                    <param id="0" name="Key">39</param>
                </condition>
            </conditions>
            <actions>
                <action id="4" name="Set animation" sid="790396575078416" type="Sprite">
                    <param id="0" name="Animation">&quot;ขวา&quot;</param>
                    <param id="1" name="From">1</param>
                </action>
            </actions>
        </event-block>
        <event-block sid="425212500728550">
            <conditions>
                <condition behavior="Platform" id="7" name="On stopped" sid="346225029884295" type="Sprite" />
            </conditions>
            <actions>
                <action id="4" name="Set animation" sid="816648579964854" type="Sprite">
                    <param id="0" name="Animation">&quot;stand&quot;</param>
                    <param id="1" name="From">1</param>
                </action>
            </actions>
        </event-block>
        <event-block sid="129595539014243">
            <conditions>
                <condition id="-7" name="Compare instance variable" sid="158078353204264" type="dfdsff2">
                    <param id="0" name="Instance variable">move</param>
                    <param id="1" name="Comparison">0</param>
                    <param id="2" name="Value">&quot;R&quot;</param>
                </condition>
            </conditions>
            <actions>
                <action behavior="Platform" id="7" name="Simulate control" sid="945281569166730" type="dfdsff2">
                    <param id="0" name="Control">1</param>
                </action>
                <action id="4" name="Set animation" sid="762661873714139" type="dfdsff2">
                    <param id="0" name="Animation">&quot;w1&quot;</param>
                    <param id="1" name="From">1</param>
                </action>
            </actions>
        </event-block>
        <event-block sid="314846813314127">
            <conditions>
                <condition behavior="Platform" id="10" name="Is by wall" sid="258642256807378" type="dfdsff2">
                    <param id="0" name="Side">1</param>
                </condition>
            </conditions>
            <actions>
                <action id="-10" name="Set value" sid="109216260342906" type="dfdsff2">
                    <param id="0" name="Instance variable">move</param>
                    <param id="1" name="Value">&quot;L&quot;</param>
                </action>
                <action id="4" name="Set animation" sid="658925550096946" type="dfdsff2">
                    <param id="0" name="Animation">&quot;w1&quot;</param>
                    <param id="1" name="From">1</param>
                </action>
            </actions>
        </event-block>
        <event-block sid="960643397175214">
            <conditions>
                <condition id="-7" name="Compare instance variable" sid="947964058474601" type="dfdsff2">
                    <param id="0" name="Instance variable">move</param>
                    <param id="1" name="Comparison">0</param>
                    <param id="2" name="Value">&quot;L&quot;</param>
                </condition>
            </conditions>
            <actions>
                <action behavior="Platform" id="7" name="Simulate control" sid="156869164080772" type="dfdsff2">
                    <param id="0" name="Control">0</param>
                </action>
                <action id="4" name="Set animation" sid="639715238500151" type="dfdsff2">
                    <param id="0" name="Animation">&quot;w2&quot;</param>
                    <param id="1" name="From">1</param>
                </action>
            </actions>
        </event-block>
        <event-block sid="284366615512504">
            <conditions>
                <condition behavior="Platform" id="10" name="Is by wall" sid="610049598159233" type="dfdsff2">
                    <param id="0" name="Side">0</param>
                </condition>
            </conditions>
            <actions>
                <action id="-10" name="Set value" sid="384683723206954" type="dfdsff2">
                    <param id="0" name="Instance variable">move</param>
                    <param id="1" name="Value">&quot;R&quot;</param>
                </action>
                <action id="4" name="Set animation" sid="394828696166601" type="dfdsff2">
                    <param id="0" name="Animation">&quot;w2&quot;</param>
                    <param id="1" name="From">1</param>
                </action>
            </actions>
        </event-block>
        <event-block sid="615416338370297">
            <conditions>
                <condition id="0" name="On collision with another object" sid="539199386106181" type="Sprite">
                    <param id="0" name="Object">dfdsff2</param>
                </condition>
                <condition behavior="Platform" id="4" inverted="1" name="Is falling" sid="889754856022809" type="Sprite" />
            </conditions>
            <actions>
                <action behavior="Flash" id="0" name="Flash" sid="234525413284962" type="Sprite">
                    <param id="0" name="&apos;On&apos; time">0.05</param>
                    <param id="1" name="&apos;Off&apos; time">0.05</param>
                    <param id="2" name="Duration">1</param>
                </action>
                <action id="-11" name="Subtract from" sid="497684229799854" type="System">
                    <param id="0" name="Variable">Live</param>
                    <param id="1" name="Value">1</param>
                </action>
            </actions>
            <sub-events>
                <event-block sid="954525483851059">
                    <conditions>
                        <condition id="-14" name="Compare variable" sid="725855562278187" type="System">
                            <param id="0" name="Variable">sound</param>
                            <param id="1" name="Comparison">0</param>
                            <param id="2" name="Value">&quot;on&quot;</param>
                        </condition>
                    </conditions>
                    <actions>
                        <action id="0" name="Play" sid="308381563510198" type="Audio">
                            <param id="0" name="Audio file">pain</param>
                            <param id="2" name="Loop">0</param>
                            <param id="3" name="Volume">0</param>
                            <param id="1" name="Tag (optional)">&quot;&quot;</param>
                        </action>
                    </actions>
                </event-block>
            </sub-events>
        </event-block>
        <event-block sid="369114778902848">
            <conditions>
                <condition id="0" name="On collision with another object" sid="260466716147005" type="Sprite">
                    <param id="0" name="Object">dfdsff2</param>
                </condition>
                <condition behavior="Platform" id="4" name="Is falling" sid="827872899321130" type="Sprite" />
                <condition id="2" inverted="1" name="Is playing" sid="610307196972647" type="dfdsff2">
                    <param id="0" name="Animation">&quot;dead&quot;</param>
                </condition>
            </conditions>
            <actions>
                <action id="4" name="Set animation" sid="707117577011216" type="dfdsff2">
                    <param id="0" name="Animation">&quot;dead&quot;</param>
                    <param id="1" name="From">1</param>
                </action>
                <action behavior="Platform" id="11" name="Set enabled" sid="731233473354414" type="dfdsff2">
                    <param id="0" name="State">0</param>
                </action>
                <action behavior="Platform" id="9" name="Set vector Y" sid="927352633815231" type="Sprite">
                    <param id="0" name="Vector Y">-400</param>
                </action>
                <action behavior="Fade" id="1" name="Start fade" sid="979849942649373" type="dfdsff2" />
                <action id="0" name="Spawn another object" sid="966464792388252" type="dfdsff2">
                    <param id="0" name="Object">obj_health_pickup</param>
                    <param id="1" name="Layer">&quot;Layer 0&quot;</param>
                    <param id="2" name="Image point">0</param>
                </action>
                <action id="0" name="Play" sid="820240529445147" type="Audio">
                    <param id="0" name="Audio file">mon-dead</param>
                    <param id="2" name="Loop">0</param>
                    <param id="3" name="Volume">0</param>
                    <param id="1" name="Tag (optional)">&quot;&quot;</param>
                </action>
            </actions>
        </event-block>
        <event-block sid="898402296541430">
            <conditions>
                <condition id="-7" name="Compare instance variable" sid="398618412771053" type="bossza">
                    <param id="0" name="Instance variable">move</param>
                    <param id="1" name="Comparison">0</param>
                    <param id="2" name="Value">&quot;R&quot;</param>
                </condition>
            </conditions>
            <actions>
                <action id="4" name="Set animation" sid="362571370094194" type="bossza">
                    <param id="0" name="Animation">&quot;w1&quot;</param>
                    <param id="1" name="From">1</param>
                </action>
            </actions>
        </event-block>
        <event-block sid="210472910740718">
            <conditions>
                <condition behavior="Platform" id="10" name="Is by wall" sid="112935377928289" type="bossza">
                    <param id="0" name="Side">1</param>
                </condition>
            </conditions>
            <actions>
                <action id="-10" name="Set value" sid="659844443992198" type="bossza">
                    <param id="0" name="Instance variable">move</param>
                    <param id="1" name="Value">&quot;L&quot;</param>
                </action>
                <action id="4" name="Set animation" sid="932522969015330" type="bossza">
                    <param id="0" name="Animation">&quot;w1&quot;</param>
                    <param id="1" name="From">1</param>
                </action>
            </actions>
        </event-block>
        <event-block sid="255789255672347">
            <conditions>
                <condition id="-7" name="Compare instance variable" sid="646558597900594" type="bossza">
                    <param id="0" name="Instance variable">move</param>
                    <param id="1" name="Comparison">0</param>
                    <param id="2" name="Value">&quot;L&quot;</param>
                </condition>
            </conditions>
            <actions>
                <action id="4" name="Set animation" sid="615066236671312" type="bossza">
                    <param id="0" name="Animation">&quot;w2&quot;</param>
                    <param id="1" name="From">1</param>
                </action>
            </actions>
        </event-block>
        <event-block sid="565579004474519">
            <conditions>
                <condition behavior="Platform" id="10" name="Is by wall" sid="981965272092352" type="bossza">
                    <param id="0" name="Side">0</param>
                </condition>
            </conditions>
            <actions>
                <action id="-10" name="Set value" sid="278556678141379" type="bossza">
                    <param id="0" name="Instance variable">move</param>
                    <param id="1" name="Value">&quot;R&quot;</param>
                </action>
                <action id="4" name="Set animation" sid="583774345612982" type="bossza">
                    <param id="0" name="Animation">&quot;w2&quot;</param>
                    <param id="1" name="From">1</param>
                </action>
            </actions>
        </event-block>
        <event-block sid="687622382657300">
            <conditions>
                <condition id="-1" name="Every tick" sid="694229760864422" type="System" />
            </conditions>
            <actions>
                <action id="-10" name="Set value" sid="318641206865428" type="bossza">
                    <param id="0" name="Instance variable">health</param>
                    <param id="1" name="Value">bossza.health</param>
                </action>
                <action id="-5" name="Set width" sid="694031632101226" type="obj_boss_health">
                    <param id="0" name="Width">bossza.health</param>
                </action>
            </actions>
        </event-block>
        <event-block sid="853424245512218">
            <conditions>
                <condition id="0" name="On collision with another object" sid="870817242399250" type="Sprite">
                    <param id="0" name="Object">bossza</param>
                </condition>
                <condition behavior="Platform" id="4" name="Is falling" sid="110307726684814" type="Sprite" />
            </conditions>
            <actions>
                <action id="-10" name="Set value" sid="860946568566486" type="bossza">
                    <param id="0" name="Instance variable">health</param>
                    <param id="1" name="Value">bossza.health-80</param>
                </action>
                <action behavior="Platform" id="9" name="Set vector Y" sid="581592807841044" type="Sprite">
                    <param id="0" name="Vector Y">-350</param>
                </action>
                <action behavior="Fade" id="1" name="Start fade" sid="887709943904255" type="dfdsff2" />
            </actions>
            <sub-events>
                <event-block sid="706765004399420">
                    <conditions>
                        <condition id="-14" name="Compare variable" sid="596775686635976" type="System">
                            <param id="0" name="Variable">sound</param>
                            <param id="1" name="Comparison">0</param>
                            <param id="2" name="Value">&quot;on&quot;</param>
                        </condition>
                    </conditions>
                    <actions>
                        <action id="0" name="Play" sid="310787761692726" type="Audio">
                            <param id="0" name="Audio file">pain</param>
                            <param id="2" name="Loop">0</param>
                            <param id="3" name="Volume">0</param>
                            <param id="1" name="Tag (optional)">&quot;&quot;</param>
                        </action>
                    </actions>
                </event-block>
            </sub-events>
        </event-block>
        <event-block sid="709744550566687">
            <conditions>
                <condition id="-7" name="Compare instance variable" sid="553608433825299" type="bossza">
                    <param id="0" name="Instance variable">health</param>
                    <param id="1" name="Comparison">3</param>
                    <param id="2" name="Value">0</param>
                </condition>
                <condition id="2" inverted="1" name="Is playing" sid="300966897632123" type="bossza">
                    <param id="0" name="Animation">&quot;dead&quot;</param>
                </condition>
            </conditions>
            <actions>
                <action id="-11" name="Add to" sid="639653976563064" type="bossza">
                    <param id="0" name="Instance variable">health</param>
                    <param id="1" name="Value">0</param>
                </action>
                <action id="4" name="Set animation" sid="503876675420668" type="bossza">
                    <param id="0" name="Animation">&quot;dead&quot;</param>
                    <param id="1" name="From">1</param>
                </action>
                <action id="-18" name="Rotate clockwise" sid="213554371489141" type="bossza">
                    <param id="0" name="Degrees">0</param>
                </action>
                <action id="-16" name="Wait" sid="883005507814817" type="System">
                    <param id="0" name="Seconds">1.0</param>
                </action>
                <action behavior="Fade" id="1" name="Start fade" sid="484663935573968" type="bossza" />
                <action id="-4" name="Set layer visible" sid="467763594462433" type="System">
                    <param id="0" name="Layer">&quot;Layer 3&quot;</param>
                    <param id="1" name="Visibility">1</param>
                </action>
                <action behavior="Fade" id="1" name="Start fade" sid="748822419393861" type="obj_boss_casing" />
            </actions>
        </event-block>
        <variable constant="0" name="Live2" sid="338132768929425" static="0" type="number">6</variable>
        <variable constant="0" name="cons2" sid="489417762224769" static="0" type="number">0</variable>
        <event-block sid="385451056023032">
            <conditions>
                <condition id="-1" name="Every tick" sid="388491810324423" type="System" />
            </conditions>
            <actions>
                <action id="0" name="Set text" sid="703593259099090" type="SpriteFont">
                    <param id="0" name="Text">cons</param>
                </action>
            </actions>
        </event-block>
        <event-block sid="593061694510859">
            <conditions>
                <condition id="-1" name="Every tick" sid="789990981350582" type="System" />
            </conditions>
            <actions />
            <sub-events>
                <event-block sid="900411917950596">
                    <conditions>
                        <condition id="-7" name="Compare instance variable" sid="512435401589890" type="SpriteFont3">
                            <param id="0" name="Instance variable">type</param>
                            <param id="1" name="Comparison">0</param>
                            <param id="2" name="Value">&quot;live&quot;</param>
                        </condition>
                    </conditions>
                    <actions>
                        <action id="0" name="Set text" sid="557171435805863" type="SpriteFont3">
                            <param id="0" name="Text">Live2</param>
                        </action>
                    </actions>
                </event-block>
            </sub-events>
        </event-block>
        <event-block sid="266626833220819">
            <conditions>
                <condition id="0" name="On collision with another object" sid="669355377392816" type="Sprite">
                    <param id="0" name="Object">obj_boss_trigger</param>
                </condition>
            </conditions>
            <actions>
                <action id="-4" name="Set layer visible" sid="201342299625184" type="System">
                    <param id="0" name="Layer">&quot;บอส&quot;</param>
                    <param id="1" name="Visibility">1</param>
                </action>
            </actions>
        </event-block>
        <event-block sid="590873653151227">
            <conditions>
                <condition id="0" name="On collision with another object" sid="200534684729735" type="Sprite">
                    <param id="0" name="Object">doorOpen</param>
                </condition>
                <condition id="3" name="Compare frame" sid="259002009898029" type="doorOpen">
                    <param id="0" name="Comparison">0</param>
                    <param id="1" name="Number">1</param>
                </condition>
            </conditions>
            <actions>
                <action id="-16" name="Wait" sid="994826780986846" type="System">
                    <param id="0" name="Seconds">2</param>
                </action>
                <action id="-2" name="Go to layout" sid="677016345371303" type="System">
                    <param id="0" name="Layout">Layout 4</param>
                </action>
            </actions>
        </event-block>
        <event-block sid="766347310649050">
            <conditions>
                <condition id="-7" name="Compare instance variable" sid="859209853954438" type="Sprite">
                    <param id="0" name="Instance variable">key</param>
                    <param id="1" name="Comparison">0</param>
                    <param id="2" name="Value">1</param>
                </condition>
            </conditions>
            <actions />
            <sub-events>
                <event-block sid="287868366834678">
                    <conditions>
                        <condition id="-4" name="Trigger once while true" sid="159489863989242" type="System" />
                    </conditions>
                    <actions>
                        <action id="5" name="Set frame" sid="371353121243022" type="doorOpen">
                            <param id="0" name="Frame number">1</param>
                        </action>
                        <action id="5" name="Set frame" sid="152313075390287" type="doorOpen_top">
                            <param id="0" name="Frame number">1</param>
                        </action>
                    </actions>
                </event-block>
            </sub-events>
        </event-block>
        <event-block sid="636909029735926">
            <conditions>
                <condition id="0" name="On collision with another object" sid="614760148848725" type="Sprite">
                    <param id="0" name="Object">key_128x</param>
                </condition>
            </conditions>
            <actions>
                <action id="-9" name="Destroy" sid="969938679917570" type="key_128x" />
                <action id="-11" name="Add to" sid="540590874712375" type="Sprite">
                    <param id="0" name="Instance variable">key</param>
                    <param id="1" name="Value">1</param>
                </action>
                <action id="5" name="Set frame" sid="651586101032724" type="keyNotthn">
                    <param id="0" name="Frame number">Sprite.key</param>
                </action>
                <action id="0" name="Spawn another object" sid="946879192861260" type="key_128x">
                    <param id="0" name="Object">FindTheDoor</param>
                    <param id="1" name="Layer">0</param>
                    <param id="2" name="Image point">0</param>
                </action>
            </actions>
            <sub-events>
                <event-block sid="377449064301048">
                    <conditions>
                        <condition id="-14" name="Compare variable" sid="149614350240601" type="System">
                            <param id="0" name="Variable">sound</param>
                            <param id="1" name="Comparison">0</param>
                            <param id="2" name="Value">&quot;on&quot;</param>
                        </condition>
                    </conditions>
                    <actions>
                        <action id="0" name="Play" sid="639179661346267" type="Audio">
                            <param id="0" name="Audio file">get-heal</param>
                            <param id="2" name="Loop">0</param>
                            <param id="3" name="Volume">0</param>
                            <param id="1" name="Tag (optional)">&quot;&quot;</param>
                        </action>
                    </actions>
                </event-block>
            </sub-events>
        </event-block>
        <event-block sid="151523299688999">
            <conditions>
                <condition id="-2" name="On start of layout" sid="175759766473388" type="System" />
            </conditions>
            <actions>
                <action id="-4" name="Set layer visible" sid="802194496116359" type="System">
                    <param id="0" name="Layer">&quot;Layer 3&quot;</param>
                    <param id="1" name="Visibility">0</param>
                </action>
            </actions>
        </event-block>
        <event-block sid="588281294062881">
            <conditions>
                <condition id="0" name="On collision with another object" sid="383347890706239" type="Sprite">
                    <param id="0" name="Object">bossza</param>
                </condition>
                <condition behavior="Platform" id="4" inverted="1" name="Is falling" sid="818209545535494" type="Sprite" />
            </conditions>
            <actions>
                <action id="-11" name="Subtract from" sid="780607127171277" type="System">
                    <param id="0" name="Variable">Live2</param>
                    <param id="1" name="Value">1</param>
                </action>
            </actions>
        </event-block>
        <event-block sid="808887303080956">
            <conditions>
                <condition id="0" name="On collision with another object" sid="203343529862253" type="Sprite">
                    <param id="0" name="Object">obj_health_pickup</param>
                </condition>
            </conditions>
            <actions>
                <action id="-9" name="Destroy" sid="613275161359613" type="obj_health_pickup" />
                <action id="-10" name="Add to" sid="731864752684287" type="System">
                    <param id="0" name="Variable">Live</param>
                    <param id="1" name="Value">1</param>
                </action>
            </actions>
        </event-block>
    </events>
</c2eventsheet>
