﻿<?xml version="1.0" encoding="utf-8" ?>
<c2eventsheet>
    <!--All the 'name' attributes are ignored by Construct 2 - they are there for readability only.-->
    <name>Event sheet 2</name>
    <events>
        <event-block sid="867822757462198">
            <conditions>
                <condition id="3" name="On touched object" sid="910569449564982" type="Touch">
                    <param id="0" name="Object">obj_menu_box</param>
                </condition>
            </conditions>
            <actions>
                <action id="-16" name="Wait" sid="930889459669247" type="System">
                    <param id="0" name="Seconds">0.05</param>
                </action>
                <action id="5" name="Set frame" sid="871672752933924" type="obj_menu_box">
                    <param id="0" name="Frame number">1</param>
                </action>
            </actions>
        </event-block>
        <event-block sid="204001292864258">
            <conditions>
                <condition id="3" name="On touched object" sid="900895737535116" type="Touch">
                    <param id="0" name="Object">obj_menu_box2</param>
                </condition>
            </conditions>
            <actions>
                <action id="-16" name="Wait" sid="564483447810788" type="System">
                    <param id="0" name="Seconds">0.05</param>
                </action>
                <action id="5" name="Set frame" sid="521809473950475" type="obj_menu_box2">
                    <param id="0" name="Frame number">1</param>
                </action>
            </actions>
        </event-block>
        <event-block sid="216392149313148">
            <conditions>
                <condition id="3" name="On touched object" sid="229917456654627" type="Touch">
                    <param id="0" name="Object">obj_menu_box3</param>
                </condition>
            </conditions>
            <actions>
                <action id="-16" name="Wait" sid="999167915581448" type="System">
                    <param id="0" name="Seconds">0.05</param>
                </action>
            </actions>
        </event-block>
        <event-block sid="241203918135611">
            <conditions>
                <condition id="6" name="On object clicked" sid="177162004196652" type="Mouse">
                    <param id="0" name="Mouse button">0</param>
                    <param id="1" name="Click type">0</param>
                    <param id="2" name="Object clicked">obj_menu_box</param>
                </condition>
            </conditions>
            <actions>
                <action id="-16" name="Wait" sid="414615362465213" type="System">
                    <param id="0" name="Seconds">0.09</param>
                </action>
                <action id="-2" name="Go to layout" sid="889115472753425" type="System">
                    <param id="0" name="Layout">Layout 1</param>
                </action>
            </actions>
        </event-block>
        <event-block sid="683267994096621">
            <conditions>
                <condition id="6" name="On object clicked" sid="804387970245855" type="Mouse">
                    <param id="0" name="Mouse button">0</param>
                    <param id="1" name="Click type">0</param>
                    <param id="2" name="Object clicked">obj_menu_box3</param>
                </condition>
            </conditions>
            <actions>
                <action id="-16" name="Wait" sid="989188718451669" type="System">
                    <param id="0" name="Seconds">1.0</param>
                </action>
                <action id="-2" name="Go to layout" sid="654895532806636" type="System">
                    <param id="0" name="Layout">Layout 1</param>
                </action>
            </actions>
        </event-block>
        <event-block sid="882237055110617">
            <conditions>
                <condition id="6" name="On object clicked" sid="960489719346982" type="Mouse">
                    <param id="0" name="Mouse button">0</param>
                    <param id="1" name="Click type">0</param>
                    <param id="2" name="Object clicked">obj_menu_box2</param>
                </condition>
            </conditions>
            <actions>
                <action id="-16" name="Wait" sid="825400385723376" type="System">
                    <param id="0" name="Seconds">0.09</param>
                </action>
                <action id="-2" name="Go to layout" sid="742183895550691" type="System">
                    <param id="0" name="Layout">manu</param>
                </action>
            </actions>
        </event-block>
        <event-block sid="378690702862464">
            <conditions>
                <condition id="6" name="On object clicked" sid="977888812866916" type="Mouse">
                    <param id="0" name="Mouse button">0</param>
                    <param id="1" name="Click type">0</param>
                    <param id="2" name="Object clicked">unnamedbox</param>
                </condition>
            </conditions>
            <actions>
                <action id="-16" name="Wait" sid="366947613762225" type="System">
                    <param id="0" name="Seconds">1.0</param>
                </action>
                <action id="1" name="Close" sid="109974697991424" type="Browser" />
            </actions>
        </event-block>
    </events>
</c2eventsheet>
